ID,Sequence
IRESITEID472,AGAATTAGAATGTTTCTTAGCGGTCGTGTAGTTATTTTTATGTCATAAGTGGATAATTTGTTAGCTCCTATAACAAAAGTCTGTTGCTTGTGTTTCACATTTTGGATTTCCTAATATAATGTTCTCTTTTTAGAAAAGGTGGACAAGTCCTATTTTCAAGAGA
IRESITEID475,GGACAGTTTGGATAATTTTCCGTGAAACTGGATGATCTTTGAATATTAAATGAAAGGAGACTAGAATAACAGTCTCTTGACTATTCATGAAGGAGCTTTAGCAGGAGCATTCTTTCTTGGTGTGCAAATCACGCCTGGCAGCCCCTGCCCACAGTACCCGAAGATGGCAGGCCTTGTTCCCTTCACCTAAATTCATAAACCTGGGTGTAGTGGCTTCTGATGCTGATTTGTTTCTCTTTTCAGTAAGTGTGGACCTTTGTGTACCAGAGAGAACATCATGGTGG
IRESITEID592,CTTGCCAGCCAGTTGGGCAGCAGCAGGCAGTCCAGCCACAGGCCGTAGCACAGGAGCACAGCGCAATTTCCGACTTGCAGGCGGCAGGGGCCCGGGGTCACAAGGCGCCACGAACCAGGCGAAGGGCAGGTCTAGAAATACAGGCCGCGGCGCTTCCCTCTCACACTCGCGAAACACCCCAATAGGTCAATCTGTCTGTGCTGTCTTGGCCGGCGTCGACCT
IRESITEID335,CTGTGTTTGGCTCCACGCTCGATCCACTGGCGAGTGTTAGTAACAGCACTGTTGCTTCGTAGCGGAGCATGACGGCCGTGGGAACTCCTCCTTGTCCGCAAGGACCCACGGGGCCAAAAGCCACGCCCACACGGGCCCGTCATGTGTGCAACCCCAGCACGGCGACTTTACTGCGAAACCCACTTTAAAGTGACATTGAAACTGGTACCCACACC
IRESITEID336,CTGTGTTTGGCTCCACGCTCGATCCACTGGCGAGTGTTAGTAACAGCACTGTTGCTTCGTAGCGGAGCATGACGGCCGTGGGAACTCCTCCTTGGTAGCAAGGACCCACGGGGCCAAAAGCCACGCCCACACGGGCCCGTCATGTGTGCAACCCCAGCACGGCGACTTTACTGCGAAACCCACTTTAAAGTGACATTGAAACTGGTACCCACACC
IRESITEID333,CTGTGTTTGGCTCCACGCTCGATCCACTGGCGAGTGTTAGTAACAGCACTGTTGCTTCGTAGCGGAGCATGACGGCCGTGGGAACTCCTCCTTGGTAACAAGGACCCACGGGGCCAAAAGCCACGCCCACACGGGCCCGTCATGTGTGCAACCCCAGCACGGCGACTTTACTGCGAAACCCACTTTAAAGTGACATTGAAACTGGTACCCACACC
IRESITEID406,TGCCAGCCAGTTGGGCAGCAGCAGGCAGTCCAGCCACAGGCCGTAGCACAGGAGCACAGCGCAATTTCCGACTTGCAGGCGGCAGGGGCCCGGGGTCACAAGGCGCCACGAACCAGGCGAAGGGCAGGTCTAGAAATACAGGCCGCGGCGCTTCCCTCTCACACTCGCGAAACACCCCAATAGGTCAATCTGTCTGTGCTGTCTTGGCCGGCGTCGACC
IRESITEID405,TGCCAGCCAGTTGGGCAGCAGCAGGCAGTCCAGCCACAGGCCGTAGCACAGGAGCACAGCGCAATTTCCGACTTGCAGGCGGCAGGGGCCCGGGGTCACAAGGCGCCACGAACCAGGCGAAGGGCAGGTCTAGAAATACAGGCCGCGGCGCTTCCCTCTCACACTCGCGAAACACCCCAATAGGTCAATCTGTCTGTGCTGTCTTGGCCGGCGTCGACC
IRESITEID397,TGCCAGCCAGTTGGGCAGCAGCAGGCAGTCCAGCCACAGGCCGTAGCACAGGAGCACAGCGCAATTTCCGACTTGCAGGCGGCAGGGGCCCGGGGTCACAAGGCGCCACGAACCAGGCGAAGGGCAGGTCTAGAAATACAGGCCGCGGCGCTTCCCTCTCACACTCGCGAAACACCCCAATAGGTCAATCTGTCTGTGCTGTCTTGGCCGGCGTCGACC
IRESITEID396,TGCCAGCCAGTTGGGCAGCAGCAGGCAGTCCAGCCACAGGCCGTAGCACAGGAGCACAGCGCAATTTCCGACTTGCAGGCGGCAGGGGCCCGGGGTCACAAGGCGCCACGAACCAGGCGAAGGGCAGGTCTAGAAATACAGGCCGCGGCGCTTCCCTCTCACACTCGCGAAACACCCCAATAGGTCAATCTGTCTGTGCTGTCTTGGCCGGCGTCGACC
IRESITEID411,AGGTCGACGCCGGCCAAGACAGCACAGACAGATTGACCTATTGGGGTGTTTCGCGAGTGTGAGAGGGAAGCGCCGCGGCCTGTATTTCTAGACCTGCCCTTCGCCTGGTTCGTGGCGCCTTGTGACCCCGGGCCCCTGCCGCCTGCAAGTCGGAAATTGCGCTGTGCTCCTGTGCTACGGCCTGTGGCTGGACTGCCTGCTGCTGCCCAACTGGCTGGCA
IRESITEID541,GGACAGTTTGGATAATTTTCCGTGAAACTGGATGATCTTTGAATATTAAATGAAAGGAGACTAGAATAACAGTCTCTTGACTATTCATGAAGGAGCTTTAGCAGGAGCATTCTTTCTTGGTGTGCAAATCACGCCTGGCAGCCCCTGCCCACAGTACCCGAAGATGGCAGGCCTTGTTCCCTTCACCTAAATTCATAAACCTGGGTGTAGTGGCTTCTGATGCTGATTTGTTTCTCTTTTCAGTAAGTGTGGACCTTTGTGTACCAGAGAGAACATCATGGTGG
IRESITEID563,TATTAGTTTTATTCTGCCTGCTTAAATATTACTTTCCTCAAAAAGAGAAAACAAAAATGCTAGATTTTACTTTATGACTTGAATGATGTGGTAATGTCGAACTCTAGTATTTAGAATTAGAATGTTTCTTAGCGGTCGTGTAGTTATTTTTATGTCATAAGTGGATAATTTGTTAGCTCCTATAACAAAAGTCTGTTGCTTGTGTTTCACATTTTGGATTTCCTAATATAATGTTCTCTTTTTAGAAAAGGTGGACAAGTCCTATTTTCAA
IRESITEID553,ATTAGTTTTATTCTGCCTGCTTAAATATTACTTTCCTCAAAAAGAGAAAACAAAAATGCTAGATTTTACTTTATGACTTGAATGATGTGGTAATGTCGAACTCTAGTATTTAGAATTAGAATGTTTCTTAGCGGTCGTGTAGTTATTTTTATGTCATAAGTGGATAATTTGTTAGCTCCTATAACAAAAGTCTGTTGCTTGTGTTTCACATTTTGGATTTCCTAATATAATGTTCTCTTTTTAGAAAAGGTGGACAAGTCCTATTTTCAA
IRESITEID366,TGAATGATGTGGTAATGTCGAACTCTAGTATTTAGAATTAGAATGTTTCTTAGCGGTCGTGTAGTTATTTTTATGTCATAAGTGGATAATTTGTTAGCTCCTATAACAAAAGTCTGTTGCTTGTGTTTCACATTTTGGATTTCCTAATATAATGTTCTCTTTTTAGAAAAGGTGGACAAGTCCTATTTTCAAGAGAAG
IRESITEID486,ATTAGAATGTTTCTTAGCGGTCGTGTAGTTATTTTTATGTCATAAGTGGATAATTTGTTAGCTCCTATAACAAAAGTCTGTTGCTTGTGTTTCACATTTTGGATTTCCTAATATAATGTTCTCTTTTTAGAAAAGGTGGACAAGTCCTATTTTCAAGAGAAG
IRESITEID479,GAATTCGGAGGAGGAGGAGGAGGAGGGAATTC
IRESITEID478,GAATTCCCTCCTCCTCCTCCTCCTCCGAATTC
IRESITEID561,TTTATAATTTCTTCTTCCAGAA
IRESITEID569,TTTATAATTTCTTCTTCCAGAA
IRESITEID554,ATGTCTTATGCTGAAAAATCTTGTTTCCTAATTAGTAACATAATTATTCATTTGATGGGTAAATATTTTAGGGCCGATTCTTTGGTTTTATAGCCAAGATACCCTGTTGATAAAGTCTTGTGGGAGCAATTATAAGACTGGCTTATTTTGAAGCTTTTTAAAAAAGACATCCTTACCTGTTTTAACTGTAGATTATATTAACTTAAATAGGTACAGCCCACGCTTG
IRESITEID560,TATTTTAGGGCCGATTCTTTGGTTTTATAGCCAAGATACCCTGTTGATAAAGTCTTGTGGGAGCAATTATAAGACTGGCTTATTTTGAAGCTTTTTAAAAAAGACATCCTTACCTGTTTTAACTGTAGATTATATTAACTTAAATAGGTACAGCCCACGCTTG
IRESITEID269,CTGGGGGAGGCGGCTGCAGCCGTGGCTCTGCAGCGAGAGCGCAGAGAAGCAGAGGACCAAGAGGCAGAATGCCGGCGCTCCACCGCCCGAGACTGTGTTTCCTGTGAGTCCAGATGTGTGATCCAGATATGCTGCAATGGTGACATAAACTATTGACTGAGACTAGGAGCGTGCCTGAAACTCCATCCCTCCTCCTATTATTTTTTTAATGGTGCTTCTACTGGAATAATCAACGAAGTGCACCCAACATG
IRESITEID76,TGTTGAAGGTGCCAAGAAGTTTCCTAATACTGAATTTGTCAAAGTAAAAGGTCTTCATTTTTCGCAAGAAGATGCACCTGATGAAATGGGAAAATATATCAAATCGTTCGTTGAGCGAGTTCTCAAAAATGAACAATAATTCTAGAGCTTATCGATACCGTCGACCTCGAATCACTAGTCAGCTGGAATTCCTGTAGCCATCCGAGGACACCCCCGCCCCCCCGGCCCACCCGG
IRESITEID75,TGTTGAAGGTGCCAAGAAGTTTCCTAATACTGAATTTGTCAAAGTAAAAGGTCTTCATTTTTCGCAAGAAGATGCACCT
IRESITEID74,TGTTGAAGGTGCCAAGAAGTTTCCTAATACTGAATTTGTCAAAGTAAAAGGTCTTCATTTTTCGCAAGAAGATGCACCTGATGAAATGGGAAAATATATCAAATCGTTCGTTGAGCGAGTTCTCAAAAATGAACAATAATTCTAGAGCTTATCGATACCGTCGA
IRESITEID80,TGTTGAAGGTGCCAAGAAGTTTCCTAATACTGAATTTGTCAAAGTAAAAGGTCTTCATTTTTCGCAAGAAGATGCACCTGATGAAATGGGAAAATATATCAAATCGTTCGTTGAGCGAGTTCTCAAAAATGAACAATAATTCTAGAGCTTATCGATACCGTCGACCTCGAATCACTAGTCAGCTGGAATTCGTCTGGACGCGCTGGGTGGATGCGGGGGGCTCCTGGGAACTGTGTTGGAG
IRESITEID78,TGTTGAAGGTGCCAAGAAGTTTCCTAATACTGAATTTGTCAAAGTAAAAGGTCTTCATTTTTCGCAAGAAGATGCACCTGATGAAAT
IRESITEID79,TGTTGAAGGTGCCAAGAAGTTTCCTAATACTGAATTTGTCAAAGTAAAAGGTCTTCATTTTTCGCAAGAAGATGCACCTGATGAAATGGGAAAATATATCAAATCGTTCGTTGAGCGAGTTCTCAAAAATGAACAATAATTCTAGAGCTTATCGAT
IRESITEID50,CGCCCGTAAAATGGGAACGTAGAACTCGTCATGACACTTGTGGTAAAATAACATTATTCGCTTGCAAAAAACGATGTACTTTGACAATTTAAGACACAAAAAAACACAACCTCGACAATTTAGGAGTTAGAGAGGTCGTGTTTTGAGATTAGTGAG
IRESITEID52,GACACAAAAAAACACAACCTCGACGACACAAAAAAACACAACCTCGACAATTTAGGAGTTAGAGAGGTCGTGTTTTGAGATTAGTGAGGAGGTCGTGTTTTGAGATTAGTGAG
IRESITEID489,AGCCAAACTCTCAATTATCATAGAGGGAGAAACCAAAGTATTCCACGACAAAACCAAATTCACGCATTATCTCTCCACGAATCCAGCCCTTCAAAGGATAATAACAGAAAAAAACCAATACAAGAACGGGAACAACGCCCTAGAAAAAACAAGAAGGTAATCCCTCAACAAACCTAAAAGAAGACAGCCACAAGAACAGA
IRESITEID500,CGCATTATCTCTCCACGAATCCAGCCCTTCAAAGGATAATAACAGAAAAAAAC
IRESITEID495,GTAATCCCTCAACAAACCTAAAAGAAGACAGCCACAAGAACAGA
IRESITEID498,TACACCAGATTTTTCACCAGAGACTATGAAAGCCAGAAGAGCCTGGACAGATGTTATACAGACACTAAGAGAACACAAACTGCAGCCCAGGCTACTATACC
IRESITEID494,AATAACAGAAAAAAACCAATACAAGAACGGGAACAACGCCCTAGAAAAAACAAGAAGGTAATCCCTCAACAAACCTAAAAGAAGACAGCCACAAGAACAGACCATGGAAGA
IRESITEID480,GAATTCCTTCTTCTTCTTCTTCTTCCCTTCTTCTTCTTCTTCTTCCGAATTCGAAGAAGAAGAAGAAGAAGGGAAGAAGAAGAAGAAGAAGGGAATTC
IRESITEID477,GAATTCCCTCCTCCTCCTCCTCCTCCCCTCCTCCTCCTCCTCCTCCGAATTCGGAGGAGGAGGAGGAGGAGGGGAGGAGGAGGAGGAGGAGGGAATTC
IRESITEID482,GAATTCCCTCCTCCTCCTCCTCCTCCCCTCCTCCTCCTCCTCCTCCGAATTCGGAGGAGGAGGAGGAGGAGGGGAGGAGGAGGAGGAGGAGGGAATTC
IRESITEID476,GAATTCCCTCCTCCTCCTCCTCCTCCGAATTCGGAGGAGGAGGAGGAGGAGGGAATTC
IRESITEID481,GAATTCCCTCCTCCTCCTCCTCCTCCGAATTCGGAGGAGGAGGAGGAGGAGGGAATTC
IRESITEID468,AGTGCACAGAGCCTCCTCGGCTGAGGGGACGCGAGGACTGTCCTCGCCGCCGTCGCGGGCAGTGTCTAGCCAGGCCTTGACAAGCTAGCCGGAGGAGCGCCTAGGAACCCGAGCCGGAGCTCAGCGAGCGCAGCCTGCAGCTCCCGCCTCGCCGTCCCGGGGGGCGTCCCGCCTCCCACCCCGCCTCTGGACTTGTCTCTTTCTCCGCGCGCGCGGACAGAGCCGGCGTTTAGGCCCGAGCGAGCCCGGGGGCCGCCGGCCGGGAAGACAACGCGGGCACCGATTCGCCATGGA
IRESITEID466,AGTGCACAGAGCCTCCTCGGCTGAGGGGACGCGAGGACTGTCCTCGCCGCCGTCGCGGGCAGTGTCTAGCCAGGCCTTGACAAGCTAGCCGGAGGAGCGCCTAGGAACCCGAGCCGGAGCTCAGCGAGCGCAGCCTGCAGCTCCCGCCTCGCCGTCCCGGGGGGCGTCCCGCCTCCCACCCCGCCTCTGGACTTGTCTCTTTCTCCGCGCGCGCGGACAGAGCCGGCGTTTAGGCCCGAGCGAGCCCGGGGGCCGCCGGCCGGGAAGACAACGCGGGCACCGATTCGCCATGGA
IRESITEID443,ATAATTTTTTATTGCATACCCGTTTTTAATAAAATACATTGCATACCCTCTTTTAATAAAAAATATTGCATACTTTGACGAAACAAATTTTCGTTGCATACCCAATAAAAGATTATTATATTGCATACCCGTTTTTAATAAAATACATTGCATACCCTCTTTTAATAAAAAATATTGCATACGTTGACGAAACAAATTTTCGTTGCATACCCAATAAAAGATTATTATATTGCATACCTTTTCTTGCCATACCATTTAGCATGAG
IRESITEID445,TTTTCTTGCCATACCATTTAGCCGATCAATTGTGCTCGGCAACAGTATATTTGTGGTGTGCCAACCAACAACCAATGAG
IRESITEID444,TTAATAAAATACATTGCATACCCTCTTTTAATAAAAAATATTGCATACGTTGACGAAACAAATTTTCGTTGCATACCCAATAAAAGATTATTATATTGCATACCTTTTCTTGCCATACCATTTAGCCGATCAATTGTGCTCGGCAACAGTATATTTGTGGTGTGCCAACCAACAACCAATGAG
IRESITEID580,CTCTAAGGTGTTTCTGGAAATTGACAACCGCCAGTGTGTTCAAGATTCAGACCAGTGTTTCAAGAACACGGATGCAGCAGCAGCTCTTCTGGCCTCTCACGCCATCCAGGGGACCTTGTCCTACCCTCTTGTGTCCGTCGTCAGTGAATCTCTGACTCGAAAAGGTACTCAGCTTCTCTATCTACTTGCTGTTGCCGTTGTCATTATCCTGTTTATTATCTTGCTGGGAGTTA
IRESITEID390,CGAGCTCCCTGGGTGGTCTAAGTCCTGAGTACAGGACAGTCGTCAGTAGTTCGACGTGAGCACTAGCCCACCTCGAGATGCTACGTGGACGAGGGCATGCCCAAGACACACCTTAACCCTGGCGGGGGTCGCTAGGGTGAAATCACATTATGTGATGGGGGTACGACCTGATAGGGTGCTGCAGAGGCCCACTAGCAGGCTAGTATAAAAATCTCTGCTGTACATGGCACATGGAGTTGAATCATTTTGAATTATTATACAAAACAAGCAAACAAAAACCA
IRESITEID389,CTAGCCGTAGTGGCGAGCTCCCTGGGTGGTCTAAGTCCTGAGTACAGGACAGTCGTCAGTAGTTCGACGTGAGCACTAGCCCACCTCGAGATGCTACGTGGACGAGGGCATGCCCAAGACACACCTTAACCCTGGCGGGGGTCGCTAGGGTGAAATCACATTATGTGATGGGGGTACGACCTGATAGGGTGCTGCAGAGGCCCACTAGCAGGCTAGTATAAAAATCTCTGCTGTACATGGCACATGGAGTTGAATCATTTTGAATTATTATACAAAACAAGCAAACAAAAACCA
IRESITEID610,TTCGTTTGCTTTTTGTAGTATAATTAAATATTTGTCAGATAAGAGATTGGTTAGAGATTTGTTCTTTGTTTGA
IRESITEID606,TTCGTTTGCTTTTTGTAGTATAATTAAATATTTGTCAGATAAGAGATTGGTTAGAGATTTGTTCTTTGTTTGA
IRESITEID609,GAATTCGTCGATTCGGTTGCAGCATTTAAAGCGGTTGACAACTTTAAAAGAAGGAAAAAGAAGGTTGAAGAAAAGGGTGTAGTAAGTAAGTATAAGTACAGACCGGAGAAGTACGCCGGTCCTGATTCGTTTAATTTGAAAGAAGAAA
IRESITEID605,GAATTCGTCGATTCGGTTGCAGCATTTAAAGCGGTTGACAACTTTAAAAGAAGGAAAAAGAAGGTTGAAGAAAAGGGTGTAGTAAGTAAGTATAAGTACAGACCGGAGAAGTACGCCGGTCCTGATTCGTTTAATTTGAAAGAAGAAA
IRESITEID28,CCGGAGCGAATAGGGGGCTTCGCCTCTGGCCCAGCCCTCCCGCTGATCCCCCAGCCAGCGGTCCGCAACCCTTGCCGCATCCACGAAACTTTGCCCATAGCAGCGGGCGGGCACTTTGCACTGGAACTTACAACACCCGAGCAAGGACGCGACTCTCCCGACGCGGGGAGGCTATTCTGCCCATTTGGGGACACTTCCCCGCCGCTGCCAGGACCCGCTTCTCTGAAAGGCTCTCCTTGCAGCTGCTTAGACGCTGGATTTTTTTCGGGTAGTGGAAAACCAGCAGCCTCCCGCGACC
IRESITEID34,AATTCCAGCGAGAGGCAGAGGGAGCGAGCGGGCGGCCGGCTAGGGTGGAAGAGCCGGGCGAGCAGAGCTGCGCTGCGGGCGTCCTGGGAAGGGAGATCCGGAGCGAATAGGGGGCTTCGCCTCTGGCCCAGCCCTCCCGCTGATCCCCCAGCCAGCGGTCCGCAACCCTTGCCGCATCCACGAAACTTTGCCCATAGCAGCGGGCGGGCACTTTGCACTGGAACTTACAACACCCGAC
IRESITEID31,CCGAGCAAGGACGCGACTCTCCCGACGCGGGGAGGCTATTCTGCCCATTTGGGGACACTTCCCCGCCGCTGCCAGGACCCGCTTCTCTGAAAGGCTCTCCTTGCAGCTGCTTAGACGCTGGATTTTTTTCGGGTAGTGGAAAACCAGCAGCCTCCCGCGACC
IRESITEID30,ATCCACGAAACTTTGCCCATAGCAGCGGGCGGGCACTTTGCACTGGAACTTACAACACCCGAGCAAGGACGCGACTCTCCCGACGCGGGGAGGCTATTCTGCCCATTTGGGGACACTTCCCCGCCGCTGCCAGGACCCGCTTCTCTGAAAGGCTCTCCTTGCAGCTGCTTAGACGCTGGATTTTTTTCGGGTAGTGGAAAACCAGCAGCCTCCCGCGACC
IRESITEID537,CAGTACTGTCACCTACTCATACACAAAACTGCCTCCCAAAGACTTTTCCCAGGTCCCTCGTATCAAAACATTAAGAGTATA
IRESITEID535,GAGAGATACTCATCCTACCTGAATATAAACTGAGATAAATCCAGTAAAGAAAGTGTAGTAAATTCTACATAAGAGTCTATCATTGATTTCTTTTTGTGGTAAAAATCTTAGTTCATGTGAAGAAATTTCATGTGAATGTTTTAGCTATCAAACAGTACTGTCACCTACTCATGCACAAAACTGCCTCCCAAAGACTTTTCCCAGGTCCCTCGTATCAAAACATTAAGAGTATA
IRESITEID536,TGATTTCTTTTTGTGGTAAAAATCTTAGTTCATGTGAAGAAATTTCATGTGAATGTTTTAGCTATCAAACAGTACTGTCACCTACTCATACACAAAACTGCCTCCCAAAGACTTTTCCCAGGTCCCTCGTATCAAAACATTAAGAGTATA
IRESITEID529,CAGTACTGTCACCTACTCATACACAAAACTGCCTCCCAAAGACTTTTCCCAGGTCCCTCGTATCAAAACATTAAGAGTATA
IRESITEID528,GAGAGATACTCATCCTACCTGAATATAAACTGAGATAAATCCAGTAAAGAAAGTGTAGTAAATTCTACATAAGAGTCTATCATTGATTTCTTTTTGTGGTAAAAATCTTAGTTCATGTGAAGAAATTTCATGTGAATGTTTTAGCTATCAAACAGTACTGTCACCTACTCATGCACAAAACTGCCTCCCAAAGACTTTTCCCAGGTCCCTCGTATCAAAACATTAAGAGTATA
IRESITEID539,TGATTTCTTTTTGTGGTAAAAATCTTAGTTCATGTGAAGAAATTTCATGTGAATGTTTTAGCTATCAAACAGTACTATCACCTACTCATACACAAAACTGCCTCCCAAAGACTTTTCCCAGGTCCCTCGTATCAAAACATTAAGAGTATA
IRESITEID530,TGATTTCTTTTTGTGGTAAAAATCTTAGTTCATGTGAAGAAATTTCATGTGAATGTTTTAGCTATCAAACAGTACTGTCACCTACTCATACACAAAACTGCCTCCCAAAGACTTTTCCCAGGTCCCTCGTATCAAAACATTAAGAGTATA
IRESITEID522,TGATTTCTTTTTGTGGTAAAAATCTTAGTTCATGTGAAGAAATTTCATGTGAATGTTTTAGCTATCAAACAGTACTGTCACCTACTCATACACAAAACTGCCTCCCAAAGACTTTTCCCAGGTCCCTCGTATCAAAACATTAAGAGTATA
IRESITEID552,CGGGCCCCTGCCGCCTGCAAGTCGAAATTGCGCTGTGCTCCTGTGCTACGGCCTGTGGCTGGACTGCCTGCTGCTGCCCAACTGGCTGGCAAG
IRESITEID558,CGGGCCCCTGCCGCCTGCAAGTCGAAATTGCGCTGTGCTCCTGTGCTACGGCCTGTGGCTGGACTGCCTGCTGCTGCCCAACTGGCTGGCAAG
IRESITEID412,AGGTCGACGCCGGCCAAGACAGCACAGACAGATTGACCTATTGGGGTGTTTCGCGAGTGTGAGAGGGAAGCGCCGCGGCCTGTATTTCTAGACCTGCCCTTCGCCTGGTTCGTGGCGCCTTGTGACCCCGGGCCCCTGCCGCCTGCAAGTCGGAAATTGCGCTGTGCTCCTGTGCTACGGCCTGTGGCTGGACTGCCTGCTGCTGCCCAACTGGCTGGCA
IRESITEID401,AGGTCGACGCCGGCCAAGACAGCACAGACAGATTGACCTATTGGGGTGTTTCGCGAGTGTGAGAGGGAAGCGCCGCGGCCTGTATTTCTAGACCTGCCCTTCGCCTGGTTCGTGGCGCCTTGTGACCCCGGGCCCCTGCCGCCTGCAAGTCGGAAATTGCGCTGTGCTCCTGTGCTACGGCCTGTGGCTGGACTGCCTGCTGCTGCCCAACTGGCTGGCA
IRESITEID402,AGGTCGACGCCGGCCAAGACAGCACAGACAGATTGACCTATTGGGGTGTTTCGCGAGTGTGAGAGGGAAGCGCCGCGGCCTGTATTTCTAGACCTGCCCTTCGCCTGGTTCGTGGCGCCTTGTGACCCCGGGCCCCTGCCGCCTGCAAGTCGGAAATTGCGCTGTGCTCCTGTGCTACGGCCTGTGGCTGGACTGCCTGCTGCTGCCCAACTGGCTGGCA
IRESITEID593,AGGTCGACGCCGGCCAAGACAGCACAGACAGATTGACCTATTGGGGTGTTTCGCGAGTGTGAGAGGGAAGCGCCGCGGCCTGTATTTCTAGACCTGCCCTTCGCCTGGTTCGTGGCGCCTTGTGACCCCGGGCCCCTGCCGCCTGCAAGTCGGAAATTGCGCTGTGCTCCTGTGCTACGGCCTGTGGCTGGACTGCCTGCTGCTGCCCAACTGGCTGGCAAG
IRESITEID338,CTGGGCGGTCAACAAGTGCGGGCCTGGCTCAGCGCGGGGGGGCGCGGAGACCGCGAGGCGACCGGGAGCGGCTGGGTTCCCGGCTGCGCGCCCTTCGGCCAGGCCGGGAGCCGCGCCAGTCGGAGCCCCCGGCCCAGCGTGGTCCGCCTCCCTCTGGGCGTCCACCTGCCCGGAGTACTGCCAGCGGGCATGACCGACCCACCAGGGGCGCCGCCGCCGGCGCTCGCAGGCCGC
IRESITEID339,ATGAAGAAGAAAACCCGGCGCCGCTCGACCCGGAGCGAGGAGTTGACCCGGAGCGAGGAGTTGACCCTGAGTGAGGAAGCGACCTGGAGTGAAGAGGCGACCCAGAGTGAGGAGGCGACCCAGGGCGAAG
IRESITEID488,AAGGACAGTTTGGATAATTTTCCGTGAAACTGGATGATCTTTGAATATTAAATGAAAGGAGACTAGAATAACAGTCTCTTGACTATTCATGAAGGAGCTTTAGCAGGAGCATTCTTTCTTGGTGTGCAAATCACGCCTGGCAGCCCCTGCCCACAGTACCCGAAGATGGCAGGCCTTGTTCCCTTCACCTAAATTCATAAACCTGGGTGTAGTGGCTTCTGATGCTGATTTGTTTCTCTTTTCAGTAAGTGTGGACCTTTGTGTACCAGAGAGAACATCATGGTGG
IRESITEID417,TAGGCGCAAAGGCTTGGCTCATGGTTGACAGCTCAGAGAGAGAAAGATCTGAGGGA
IRESITEID426,AAGAAGAGGTAGCGAGTGGACGTGACTGCTCTATCCCGGGCAAAAGGGATAGAACCAGAGGTGGGGAGTCTGGGCAGTCGGCGACCCGCGAAGACTTGAGGTGCCGCAGCGGCATCCGG
IRESITEID425,AAGAAGAGGTAGCGAGTGGACGTGACTGCTCTATCCCGGGCAAAAGGGATAGAACCAGAGGTGGGGAGTCTGGGCAGTCGGCGACCCGCGAAGACTTGAGGTGCCGCAGCGGCATCCGGAGTAGCGCCGGGCTCCCTCCGGGGTGCAGCCGCCGTCGGGGGAAGGGCGCCACAGGCCGGGAAGACCTCCTCCCTTTGTGTCCAGTAGTGGGGTCCACCGGAGGGCGGCCCGTGGGCCGGGCCTCACCGC
IRESITEID419,TGCAGAGATCCAGGGGAGGCGCCTGTGAGGCCCGGACCTGCCCCGGGGCGAAGGGTATGTGGCGAGACAGAGCCCTGCACCCCTAATTCCCGGTGGAAAACTCCTGTTGCCGTTTCCCTCCACCGGCCTGGAGTCTCCCAGTCTTGTCCCGGCAGTGCCGCCCTCCCCACTAAGACCTAGGCGCAAAGGCTTGGCTCATGGTTGACAGCTCAGAGAGAGAAAGATCTGAGGGA
IRESITEID418,CGGCCTGGAGTCTCCCAGTCTTGTCCCGGCAGTGCCGCCCTCCCCACTAAGACCTAGGCGCAAAGGCTTGGCTCATGGTTGACAGCTCAGAGAGAGAAAGATCTGAGGGA
IRESITEID613,AAAAGAAGGAAAAAGAAGGAAAAGAAGGAAAAAGAAGGCTGCAGGCGGCTGCAGAAAAGAAGGAAAAAGAAGGAAAAGAAGGAAAAAGAAGG
IRESITEID614,GAAAGAAAGAAAGAAAGAAAGAAAGAAACTGCAGCCGCGCCTGCAGAAAGAAAGAAAGAAAGAAAGAAAGAAAGAAAGAA