,ID,Sequence,SS,MFE,RewardGuided_NearestSS_IRESsite_IRES,RewardGuided_NearestSeq_IRESsite_IRES,RewardGuided_MinSS_IRESsite_IRES,RewardGuided_MinSeq_IRESsite_IRES,DirectedTraining_NearestSS_IRESsite_IRES,DirectedTraining_NearestSeq_IRESsite_IRES,DirectedTraining_MinSS_IRESsite_IRES,DirectedTraining_MinSeq_IRESsite_IRES
0,IRESITEID472,AGAATTAGAATGTTTCTTAGCGGTCGTGTAGTTATTTTTATGTCATAAGTGGATAATTTGTTAGCTCCTATAACAAAAGTCTGTTGCTTGTGTTTCACATTTTGGATTTCCTAATATAATGTTCTCTTTTTAGAAAAGGTGGACAAGTCCTATTTTCAAGAGA,((((..((((((((..((((.((((..............(((((((((((((((..(((((((.......))))))).))))...)))))))....))))....))))..))))...))))))))..)))).(((((...(((....)))..)))))......,-25.89999962,3087,2482,46,77,2623,2193,46,78
1,IRESITEID475,GGACAGTTTGGATAATTTTCCGTGAAACTGGATGATCTTTGAATATTAAATGAAAGGAGACTAGAATAACAGTCTCTTGACTATTCATGAAGGAGCTTTAGCAGGAGCATTCTTTCTTGGTGTGCAAATCACGCCTGGCAGCCCCTGCCCACAGTACCCGAAGATGGCAGGCCTTGTTCCCTTCACCTAAATTCATAAACCTGGGTGTAGTGGCTTCTGATGCTGATTTGTTTCTCTTTTCAGTAAGTGTGGACCTTTGTGTACCAGAGAGAACATCATGGTGG,...(((((((((......)))...))))))((((.(((((.........(((((((((((((........)))))))).....)))))(((((((((((....)))))..))))))((((((((((((((((((..(((((..((((((................))))))..)))))((((.((((((............)))))).)).)).......((((((.............)))))).))))))...))))))))))))))))).)))).......,-74.40000153,5141,4831,108,139,3568,4786,110,139
2,IRESITEID592,CTTGCCAGCCAGTTGGGCAGCAGCAGGCAGTCCAGCCACAGGCCGTAGCACAGGAGCACAGCGCAATTTCCGACTTGCAGGCGGCAGGGGCCCGGGGTCACAAGGCGCCACGAACCAGGCGAAGGGCAGGTCTAGAAATACAGGCCGCGGCGCTTCCCTCTCACACTCGCGAAACACCCCAATAGGTCAATCTGTCTGTGCTGTCTTGGCCGGCGTCGACCT,...(((.((((...((((((((.(((((((....(((.(..(((((.(((..(((((.....))....)))....)))..)))))..))))..(((((......(((....((...(((.((((.((.(((((........)))))...)).))))))).)).....))).....)))))...........))))))))))))))))))).)))........,-84,4611,3537,60,104,4354,4502,63,98
3,IRESITEID335,CTGTGTTTGGCTCCACGCTCGATCCACTGGCGAGTGTTAGTAACAGCACTGTTGCTTCGTAGCGGAGCATGACGGCCGTGGGAACTCCTCCTTGTCCGCAAGGACCCACGGGGCCAAAAGCCACGCCCACACGGGCCCGTCATGTGTGCAACCCCAGCACGGCGACTTTACTGCGAAACCCACTTTAAAGTGACATTGAAACTGGTACCCACACC,..((((..((..(((...(((((.((((...(((((..(((((((....)))))))((((((.(((((((((((((((((((......((((((....)))))))))))))(((.....)))..((((....))))))))))))(((((.......)))))....)))).))))))....)))))...))))..)))))...)))..)).)))).,-78.90000153,4661,4181,68,102,3994,3527,67,102
4,IRESITEID336,CTGTGTTTGGCTCCACGCTCGATCCACTGGCGAGTGTTAGTAACAGCACTGTTGCTTCGTAGCGGAGCATGACGGCCGTGGGAACTCCTCCTTGGTAGCAAGGACCCACGGGGCCAAAAGCCACGCCCACACGGGCCCGTCATGTGTGCAACCCCAGCACGGCGACTTTACTGCGAAACCCACTTTAAAGTGACATTGAAACTGGTACCCACACC,..((((..((..(((...(((((.((((...(((((..(((((((....)))))))((((((.(((((((((((((((((((......((((((....)))))))))))))(((.....)))..((((....))))))))))))(((((.......)))))....)))).))))))....)))))...))))..)))))...)))..)).)))).,-80,4661,3409,68,103,3994,3527,67,102
5,IRESITEID333,CTGTGTTTGGCTCCACGCTCGATCCACTGGCGAGTGTTAGTAACAGCACTGTTGCTTCGTAGCGGAGCATGACGGCCGTGGGAACTCCTCCTTGGTAACAAGGACCCACGGGGCCAAAAGCCACGCCCACACGGGCCCGTCATGTGTGCAACCCCAGCACGGCGACTTTACTGCGAAACCCACTTTAAAGTGACATTGAAACTGGTACCCACACC,..((((..((..(((...(((((.((((...(((((..(((((((....)))))))((((((.(((((((((((((((((((......((((((....)))))))))))))(((.....)))..((((....))))))))))))(((((.......)))))....)))).))))))....)))))...))))..)))))...)))..)).)))).,-80.30000305,4661,3354,68,104,3994,3527,67,102
6,IRESITEID406,TGCCAGCCAGTTGGGCAGCAGCAGGCAGTCCAGCCACAGGCCGTAGCACAGGAGCACAGCGCAATTTCCGACTTGCAGGCGGCAGGGGCCCGGGGTCACAAGGCGCCACGAACCAGGCGAAGGGCAGGTCTAGAAATACAGGCCGCGGCGCTTCCCTCTCACACTCGCGAAACACCCCAATAGGTCAATCTGTCTGTGCTGTCTTGGCCGGCGTCGACC,.(((.((((...((((((((.(((((((....(((.(..(((((.(((..(((((.....))....)))....)))..)))))..))))..(((((......(((....((...(((.((((.((.(((((........)))))...)).))))))).)).....))).....)))))...........))))))))))))))))))).))).......,-84,4611,3119,61,104,4354,4502,64,98
7,IRESITEID405,TGCCAGCCAGTTGGGCAGCAGCAGGCAGTCCAGCCACAGGCCGTAGCACAGGAGCACAGCGCAATTTCCGACTTGCAGGCGGCAGGGGCCCGGGGTCACAAGGCGCCACGAACCAGGCGAAGGGCAGGTCTAGAAATACAGGCCGCGGCGCTTCCCTCTCACACTCGCGAAACACCCCAATAGGTCAATCTGTCTGTGCTGTCTTGGCCGGCGTCGACC,.(((.((((...((((((((.(((((((....(((.(..(((((.(((..(((((.....))....)))....)))..)))))..))))..(((((......(((....((...(((.((((.((.(((((........)))))...)).))))))).)).....))).....)))))...........))))))))))))))))))).))).......,-84,4611,3119,61,104,4354,4502,64,98
8,IRESITEID397,TGCCAGCCAGTTGGGCAGCAGCAGGCAGTCCAGCCACAGGCCGTAGCACAGGAGCACAGCGCAATTTCCGACTTGCAGGCGGCAGGGGCCCGGGGTCACAAGGCGCCACGAACCAGGCGAAGGGCAGGTCTAGAAATACAGGCCGCGGCGCTTCCCTCTCACACTCGCGAAACACCCCAATAGGTCAATCTGTCTGTGCTGTCTTGGCCGGCGTCGACC,.(((.((((...((((((((.(((((((....(((.(..(((((.(((..(((((.....))....)))....)))..)))))..))))..(((((......(((....((...(((.((((.((.(((((........)))))...)).))))))).)).....))).....)))))...........))))))))))))))))))).))).......,-84,4611,3119,61,104,4354,4502,64,98
9,IRESITEID396,TGCCAGCCAGTTGGGCAGCAGCAGGCAGTCCAGCCACAGGCCGTAGCACAGGAGCACAGCGCAATTTCCGACTTGCAGGCGGCAGGGGCCCGGGGTCACAAGGCGCCACGAACCAGGCGAAGGGCAGGTCTAGAAATACAGGCCGCGGCGCTTCCCTCTCACACTCGCGAAACACCCCAATAGGTCAATCTGTCTGTGCTGTCTTGGCCGGCGTCGACC,.(((.((((...((((((((.(((((((....(((.(..(((((.(((..(((((.....))....)))....)))..)))))..))))..(((((......(((....((...(((.((((.((.(((((........)))))...)).))))))).)).....))).....)))))...........))))))))))))))))))).))).......,-84,4611,3119,61,104,4354,4502,64,98
10,IRESITEID411,AGGTCGACGCCGGCCAAGACAGCACAGACAGATTGACCTATTGGGGTGTTTCGCGAGTGTGAGAGGGAAGCGCCGCGGCCTGTATTTCTAGACCTGCCCTTCGCCTGGTTCGTGGCGCCTTGTGACCCCGGGCCCCTGCCGCCTGCAAGTCGGAAATTGCGCTGTGCTCCTGTGCTACGGCCTGTGGCTGGACTGCCTGCTGCTGCCCAACTGGCTGGCA,........((((((((...((((((((.(((.....((....))((((((((.(..........).))))))))((((.(((......))).)).)).....((((((...((.((.....)).)).)))))).((.(((((..((((........))))(((((((......)).)))))..))))).)).))).))).)))))......)))))))).,-82.19999695,3548,3061,68,104,3771,3062,68,102
11,IRESITEID541,GGACAGTTTGGATAATTTTCCGTGAAACTGGATGATCTTTGAATATTAAATGAAAGGAGACTAGAATAACAGTCTCTTGACTATTCATGAAGGAGCTTTAGCAGGAGCATTCTTTCTTGGTGTGCAAATCACGCCTGGCAGCCCCTGCCCACAGTACCCGAAGATGGCAGGCCTTGTTCCCTTCACCTAAATTCATAAACCTGGGTGTAGTGGCTTCTGATGCTGATTTGTTTCTCTTTTCAGTAAGTGTGGACCTTTGTGTACCAGAGAGAACATCATGGTGG,...(((((((((......)))...))))))((((.(((((.........(((((((((((((........)))))))).....)))))(((((((((((....)))))..))))))((((((((((((((((((..(((((..((((((................))))))..)))))((((.((((((............)))))).)).)).......((((((.............)))))).))))))...))))))))))))))))).)))).......,-74.40000153,5141,4831,108,139,3568,4786,110,139
12,IRESITEID563,TATTAGTTTTATTCTGCCTGCTTAAATATTACTTTCCTCAAAAAGAGAAAACAAAAATGCTAGATTTTACTTTATGACTTGAATGATGTGGTAATGTCGAACTCTAGTATTTAGAATTAGAATGTTTCTTAGCGGTCGTGTAGTTATTTTTATGTCATAAGTGGATAATTTGTTAGCTCCTATAACAAAAGTCTGTTGCTTGTGTTTCACATTTTGGATTTCCTAATATAATGTTCTCTTTTTAGAAAAGGTGGACAAGTCCTATTTTCAA,.............(((((((((.(((((((...((((((.....))).......(((((((((((((.((.((((.((.........)).)))).)).))).)))))))))).)))....)))))))...)))))....))))........(((((((((((((((..(((((((.......))))))).))))...)))))))....))))...(((((...........(((((.(((((....))))).)))))))))).........,-49,5133,5295,95,131,4219,4725,95,130
13,IRESITEID553,ATTAGTTTTATTCTGCCTGCTTAAATATTACTTTCCTCAAAAAGAGAAAACAAAAATGCTAGATTTTACTTTATGACTTGAATGATGTGGTAATGTCGAACTCTAGTATTTAGAATTAGAATGTTTCTTAGCGGTCGTGTAGTTATTTTTATGTCATAAGTGGATAATTTGTTAGCTCCTATAACAAAAGTCTGTTGCTTGTGTTTCACATTTTGGATTTCCTAATATAATGTTCTCTTTTTAGAAAAGGTGGACAAGTCCTATTTTCAA,............(((((((((.(((((((...((((((.....))).......(((((((((((((.((.((((.((.........)).)))).)).))).)))))))))).)))....)))))))...)))))....))))........(((((((((((((((..(((((((.......))))))).))))...)))))))....))))...(((((...........(((((.(((((....))))).)))))))))).........,-49,5133,5295,94,130,4301,4725,94,129
14,IRESITEID366,TGAATGATGTGGTAATGTCGAACTCTAGTATTTAGAATTAGAATGTTTCTTAGCGGTCGTGTAGTTATTTTTATGTCATAAGTGGATAATTTGTTAGCTCCTATAACAAAAGTCTGTTGCTTGTGTTTCACATTTTGGATTTCCTAATATAATGTTCTCTTTTTAGAAAAGGTGGACAAGTCCTATTTTCAAGAGAAG,((((.((((.((...((((..((.((....(((((((..((((((((..((((.((((..............(((((((((((((((..(((((((.......))))))).))))...)))))))....))))....))))..))))...))))))))..)))))))..)))).))))...)))))))))).......,-33.40000153,4653,3156,48,94,2892,4258,55,96
15,IRESITEID486,ATTAGAATGTTTCTTAGCGGTCGTGTAGTTATTTTTATGTCATAAGTGGATAATTTGTTAGCTCCTATAACAAAAGTCTGTTGCTTGTGTTTCACATTTTGGATTTCCTAATATAATGTTCTCTTTTTAGAAAAGGTGGACAAGTCCTATTTTCAAGAGAAG,..((((((((..((..((....))..))............(((((((((((..(((((((.......))))))).))))...)))))))....)))))))).................(((((((....(((((...(((....)))..)))))))))))).,-26.39999962,2973,2592,49,77,2687,2727,49,77
16,IRESITEID479,GAATTCGGAGGAGGAGGAGGAGGAGGGAATTC,((((((....................)))))),-2.900000095,342,44,4,14,355,57,7,14
17,IRESITEID478,GAATTCCCTCCTCCTCCTCCTCCTCCGAATTC,((((((....................)))))),-1.600000024,342,66,4,14,355,10,7,14
18,IRESITEID561,TTTATAATTTCTTCTTCCAGAA,......................,0,0,16,3,9,2,28,3,10
19,IRESITEID569,TTTATAATTTCTTCTTCCAGAA,......................,0,0,16,3,9,2,28,3,10
20,IRESITEID554,ATGTCTTATGCTGAAAAATCTTGTTTCCTAATTAGTAACATAATTATTCATTTGATGGGTAAATATTTTAGGGCCGATTCTTTGGTTTTATAGCCAAGATACCCTGTTGATAAAGTCTTGTGGGAGCAATTATAAGACTGGCTTATTTTGAAGCTTTTTAAAAAAGACATCCTTACCTGTTTTAACTGTAGATTATATTAACTTAAATAGGTACAGCCCACGCTTG,(((((((....((((.(((..((((..((....)).))))..))).)))).((((((((((.......(((((((((....))))))))).........))))).)))))...((((((((((......))))))))))(((((......)))))........)))))))...(((((((((.....(((.....)))......))))))))).(((....)))..,-46.79999924,4528,4559,73,107,4064,3631,72,107
21,IRESITEID560,TATTTTAGGGCCGATTCTTTGGTTTTATAGCCAAGATACCCTGTTGATAAAGTCTTGTGGGAGCAATTATAAGACTGGCTTATTTTGAAGCTTTTTAAAAAAGACATCCTTACCTGTTTTAACTGTAGATTATATTAACTTAAATAGGTACAGCCCACGCTTG,.......((((......(((((((....)))))))...............((((((((((......))))))))))(((((......)))))..................(((((((((.....(((.....)))......)))))))))..)))).......,-35,2799,2563,50,78,2755,2253,50,78
22,IRESITEID269,CTGGGGGAGGCGGCTGCAGCCGTGGCTCTGCAGCGAGAGCGCAGAGAAGCAGAGGACCAAGAGGCAGAATGCCGGCGCTCCACCGCCCGAGACTGTGTTTCCTGTGAGTCCAGATGTGTGATCCAGATATGCTGCAATGGTGACATAAACTATTGACTGAGACTAGGAGCGTGCCTGAAACTCCATCCCTCCTCCTATTATTTTTTTAATGGTGCTTCTACTGGAATAATCAACGAAGTGCACCCAACATG,..((((((((.(((....)))((..((((((.((....))))))))..)).(((((.....((((.........(((((((..(((..(((((...)))))..)))(((((((((((.((...)).))))....(((((((.......))))))).))).)))).))))))))))).....))).))))))))))...............(((((........((....))........))))).......,-77.80000305,4558,5038,88,117,4321,4156,81,115
23,IRESITEID76,TGTTGAAGGTGCCAAGAAGTTTCCTAATACTGAATTTGTCAAAGTAAAAGGTCTTCATTTTTCGCAAGAAGATGCACCTGATGAAATGGGAAAATATATCAAATCGTTCGTTGAGCGAGTTCTCAAAAATGAACAATAATTCTAGAGCTTATCGATACCGTCGACCTCGAATCACTAGTCAGCTGGAATTCCTGTAGCCATCCGAGGACACCCCCGCCCCCCCGGCCCACCCGG,......((((((...((((...(((..((((...........))))..))).))))..(((((....))))).))))))........(((.............((((((...))))))((((((....(((.(((..((((((((.(((....(((....(((....))))))...)))...))))))))..)))...)))..))))))...)))......((((.....)))),-48.5,4835,5129,72,110,3993,3863,71,109
24,IRESITEID75,TGTTGAAGGTGCCAAGAAGTTTCCTAATACTGAATTTGTCAAAGTAAAAGGTCTTCATTTTTCGCAAGAAGATGCACCT,......((((((...((((...(((..((((...........))))..))).))))..(((((....))))).)))))),-17,1661,1359,16,36,1114,1162,20,34
25,IRESITEID74,TGTTGAAGGTGCCAAGAAGTTTCCTAATACTGAATTTGTCAAAGTAAAAGGTCTTCATTTTTCGCAAGAAGATGCACCTGATGAAATGGGAAAATATATCAAATCGTTCGTTGAGCGAGTTCTCAAAAATGAACAATAATTCTAGAGCTTATCGATACCGTCGA,((((((((((((...((((...(((..((((...........))))..))).))))..(((((....))))).))))))..(((.(((......))).)))..((((((...))))))((((........)))).................)))))).......,-30.20000076,3192,2583,50,79,2669,2443,53,77
26,IRESITEID80,TGTTGAAGGTGCCAAGAAGTTTCCTAATACTGAATTTGTCAAAGTAAAAGGTCTTCATTTTTCGCAAGAAGATGCACCTGATGAAATGGGAAAATATATCAAATCGTTCGTTGAGCGAGTTCTCAAAAATGAACAATAATTCTAGAGCTTATCGATACCGTCGACCTCGAATCACTAGTCAGCTGGAATTCGTCTGGACGCGCTGGGTGGATGCGGGGGGCTCCTGGGAACTGTGTTGGAG,...........((((.((((((((...((((...........))))..((((...(((((((.....))))))).))))..(((.(((......))).)))..((((((...))))))((((........))))..........(((((..(((((...)))))(((((.(((.(((((..((((((.....))))).)..)))))...))).))))))))))..))))))).).))))..,-57,4343,4753,69,113,4891,3071,74,114
27,IRESITEID78,TGTTGAAGGTGCCAAGAAGTTTCCTAATACTGAATTTGTCAAAGTAAAAGGTCTTCATTTTTCGCAAGAAGATGCACCTGATGAAAT,......((((((...((((...(((..((((...........))))..))).))))..(((((....))))).))))))........,-17.79999924,1740,1601,22,38,1505,1602,21,39
28,IRESITEID79,TGTTGAAGGTGCCAAGAAGTTTCCTAATACTGAATTTGTCAAAGTAAAAGGTCTTCATTTTTCGCAAGAAGATGCACCTGATGAAATGGGAAAATATATCAAATCGTTCGTTGAGCGAGTTCTCAAAAATGAACAATAATTCTAGAGCTTATCGAT,......((((((...((((...(((..((((...........))))..))).))))..(((((....))))).))))))(((((..(((((............((((((...))))))((((........)))).....)))))....)))))...,-29.89999962,2711,2441,48,74,2384,2173,48,75
29,IRESITEID50,CGCCCGTAAAATGGGAACGTAGAACTCGTCATGACACTTGTGGTAAAATAACATTATTCGCTTGCAAAAAACGATGTACTTTGACAATTTAAGACACAAAAAAACACAACCTCGACAATTTAGGAGTTAGAGAGGTCGTGTTTTGAGATTAGTGAG,..(((((...))))).........(((((((..(((.((((.............................)))))))....))))...............(((((((.(((((...((((....))))...))))).)))))))))).........,-25.10000038,2895,2971,48,74,2677,2420,43,74
30,IRESITEID52,GACACAAAAAAACACAACCTCGACGACACAAAAAAACACAACCTCGACAATTTAGGAGTTAGAGAGGTCGTGTTTTGAGATTAGTGAGGAGGTCGTGTTTTGAGATTAGTGAG,..(((...(((((((.(((((..((.......(((((((.(((((...((((....))))...))))).)))))))........))..))))).))))))).......)))..,-31,1984,1926,29,53,1925,1723,31,52
31,IRESITEID489,AGCCAAACTCTCAATTATCATAGAGGGAGAAACCAAAGTATTCCACGACAAAACCAAATTCACGCATTATCTCTCCACGAATCCAGCCCTTCAAAGGATAATAACAGAAAAAAACCAATACAAGAACGGGAACAACGCCCTAGAAAAAACAAGAAGGTAATCCCTCAACAAACCTAAAAGAAGACAGCCACAAGAACAGA,......................((((((...(((........................(((....((((((.((....(((........)))..))))))))....)))..................(((.......)))...............)))..))))))..................................,-19,3284,4373,56,97,3800,4156,64,98
32,IRESITEID500,CGCATTATCTCTCCACGAATCCAGCCCTTCAAAGGATAATAACAGAAAAAAAC,...((((((.((....(((........)))..)))))))).............,-2.900000095,710,933,9,22,760,831,9,22
33,IRESITEID495,GTAATCCCTCAACAAACCTAAAAGAAGACAGCCACAAGAACAGA,............................................,0,650,609,1,17,645,547,1,19
34,IRESITEID498,TACACCAGATTTTTCACCAGAGACTATGAAAGCCAGAAGAGCCTGGACAGATGTTATACAGACACTAAGAGAACACAAACTGCAGCCCAGGCTACTATACC,.....((....((((....))))...)).........(((((((((.(((.(((....................)))..)))....))))))).)).....,-12.80000019,1863,2008,28,44,1517,1502,25,46
35,IRESITEID494,AATAACAGAAAAAAACCAATACAAGAACGGGAACAACGCCCTAGAAAAAACAAGAAGGTAATCCCTCAACAAACCTAAAAGAAGACAGCCACAAGAACAGACCATGGAAGA,...............(((..........(((.......)))............((.((....)).)).....................................)))....,-5.5,2093,1863,29,52,1861,1877,26,52
36,IRESITEID480,GAATTCCTTCTTCTTCTTCTTCTTCCCTTCTTCTTCTTCTTCTTCCGAATTCGAAGAAGAAGAAGAAGAAGGGAAGAAGAAGAAGAAGAAGGGAATTC,(((((((((((((((((((((((((((((((((((((((((((((.......)))))))))))))))))))))))))))))))))))))).))))))),-73.69999695,1924,1531,27,49,1614,1592,29,46
37,IRESITEID477,GAATTCCCTCCTCCTCCTCCTCCTCCCCTCCTCCTCCTCCTCCTCCGAATTCGGAGGAGGAGGAGGAGGAGGGGAGGAGGAGGAGGAGGAGGGAATTC,(((((((((((((((((((((((((((((((((((((((((((((((....))))))))))))))))))))))))))))))))))))))))))))))),-112.8000031,1924,1974,27,47,1614,1353,30,49
38,IRESITEID482,GAATTCCCTCCTCCTCCTCCTCCTCCCCTCCTCCTCCTCCTCCTCCGAATTCGGAGGAGGAGGAGGAGGAGGGGAGGAGGAGGAGGAGGAGGGAATTC,(((((((((((((((((((((((((((((((((((((((((((((((....))))))))))))))))))))))))))))))))))))))))))))))),-112.8000031,1924,1974,27,47,1614,1353,30,49
39,IRESITEID476,GAATTCCCTCCTCCTCCTCCTCCTCCGAATTCGGAGGAGGAGGAGGAGGAGGGAATTC,(((((((((((((((((((((((((((....))))))))))))))))))))))))))),-59.40000153,1059,892,14,26,1335,851,16,24
40,IRESITEID481,GAATTCCCTCCTCCTCCTCCTCCTCCGAATTCGGAGGAGGAGGAGGAGGAGGGAATTC,(((((((((((((((((((((((((((....))))))))))))))))))))))))))),-59.40000153,1059,892,14,26,1335,851,16,24
41,IRESITEID468,AGTGCACAGAGCCTCCTCGGCTGAGGGGACGCGAGGACTGTCCTCGCCGCCGTCGCGGGCAGTGTCTAGCCAGGCCTTGACAAGCTAGCCGGAGGAGCGCCTAGGAACCCGAGCCGGAGCTCAGCGAGCGCAGCCTGCAGCTCCCGCCTCGCCGTCCCGGGGGGCGTCCCGCCTCCCACCCCGCCTCTGGACTTGTCTCTTTCTCCGCGCGCGCGGACAGAGCCGGCGTTTAGGCCCGAGCGAGCCCGGGGGCCGCCGGCCGGGAAGACAACGCGGGCACCGATTCGCCATGGA,.((.(..((.(((((((((((((...((..(((((((...)))))))..))((((.((((..((......)).))))))))....))))).)))))).))))..).))..((((....)))).(((((((..((((((.(((((((....((((....((((((((...)))))))).....((((((((.(((((((((...(((((....))))).))))..(((......)))...))))).))))))))...)))))))).)).)...))))))..)).)))))......,-127.9000015,3652,4601,115,148,3995,4987,114,143
42,IRESITEID466,AGTGCACAGAGCCTCCTCGGCTGAGGGGACGCGAGGACTGTCCTCGCCGCCGTCGCGGGCAGTGTCTAGCCAGGCCTTGACAAGCTAGCCGGAGGAGCGCCTAGGAACCCGAGCCGGAGCTCAGCGAGCGCAGCCTGCAGCTCCCGCCTCGCCGTCCCGGGGGGCGTCCCGCCTCCCACCCCGCCTCTGGACTTGTCTCTTTCTCCGCGCGCGCGGACAGAGCCGGCGTTTAGGCCCGAGCGAGCCCGGGGGCCGCCGGCCGGGAAGACAACGCGGGCACCGATTCGCCATGGA,.((.(..((.(((((((((((((...((..(((((((...)))))))..))((((.((((..((......)).))))))))....))))).)))))).))))..).))..((((....)))).(((((((..((((((.(((((((....((((....((((((((...)))))))).....((((((((.(((((((((...(((((....))))).))))..(((......)))...))))).))))))))...)))))))).)).)...))))))..)).)))))......,-127.9000015,3652,4601,115,148,3995,4987,114,143
43,IRESITEID443,ATAATTTTTTATTGCATACCCGTTTTTAATAAAATACATTGCATACCCTCTTTTAATAAAAAATATTGCATACTTTGACGAAACAAATTTTCGTTGCATACCCAATAAAAGATTATTATATTGCATACCCGTTTTTAATAAAATACATTGCATACCCTCTTTTAATAAAAAATATTGCATACGTTGACGAAACAAATTTTCGTTGCATACCCAATAAAAGATTATTATATTGCATACCTTTTCTTGCCATACCATTTAGCATGAG,((((((((((((((.......(((((....)))))....((((.......................))))......(((((((.....)))))))..........(((((((.........((((.....(((((....)))))....)))).....)))))))...........((((.......((((((.....))))))))))....))))))))))))))................((.(((...........))).)).,-30.60000038,3601,3910,97,129,3731,3632,94,133
44,IRESITEID445,TTTTCTTGCCATACCATTTAGCCGATCAATTGTGCTCGGCAACAGTATATTTGTGGTGTGCCAACCAACAACCAATGAG,.....(((.((((((((...(((((.((....)).)))))............)))))))).)))...............,-17.29999924,1650,1107,12,34,1320,1226,19,36
45,IRESITEID444,TTAATAAAATACATTGCATACCCTCTTTTAATAAAAAATATTGCATACGTTGACGAAACAAATTTTCGTTGCATACCCAATAAAAGATTATTATATTGCATACCTTTTCTTGCCATACCATTTAGCCGATCAATTGTGCTCGGCAACAGTATATTTGTGGTGTGCCAACCAACAACCAATGAG,...............(((((((......((((((....(((((..((.((.(((((((.....))))))))).))..))))).....))))))(((.(((..........))).))).......(((((.((....)).))))).((((.....)))))))))))..................,-29.39999962,4669,3054,57,89,2971,2559,54,88
46,IRESITEID580,CTCTAAGGTGTTTCTGGAAATTGACAACCGCCAGTGTGTTCAAGATTCAGACCAGTGTTTCAAGAACACGGATGCAGCAGCAGCTCTTCTGGCCTCTCACGCCATCCAGGGGACCTTGTCCTACCCTCTTGTGTCCGTCGTCAGTGAATCTCTGACTCGAAAAGGTACTCAGCTTCTCTATCTACTTGCTGTTGCCGTTGTCATTATCCTGTTTATTATCTTGCTGGGAGTTA,((((((((((...(.(((...(((((((.......((((((..((..((......))..))..))))))(((((((((....)))....((((.......)))).....(((((...)))))........))))))...(((((.......))))).......((((..((((..............)))).)))))))))))...))).).....))))))....))))...,-59.59999847,4341,5095,78,106,3632,4370,77,107
47,IRESITEID390,CGAGCTCCCTGGGTGGTCTAAGTCCTGAGTACAGGACAGTCGTCAGTAGTTCGACGTGAGCACTAGCCCACCTCGAGATGCTACGTGGACGAGGGCATGCCCAAGACACACCTTAACCCTGGCGGGGGTCGCTAGGGTGAAATCACATTATGTGATGGGGGTACGACCTGATAGGGTGCTGCAGAGGCCCACTAGCAGGCTAGTATAAAAATCTCTGCTGTACATGGCACATGGAGTTGAATCATTTTGAATTATTATACAAAACAAGCAAACAAAAACCA,((.((((((.(((((((((..((((((....))))))..(((((.(((((((((.(((.((....)).))).))))...)))))...)))))(((....))).)))).)))))..(((((((((.....)))))))))...((((((...)))))))))))).)).(((...)))((((.(((((((...(((((....))))).......))))))).))))............(((......(((((.((....)).)))))......)))........,-94.69999695,5080,4848,104,137,3998,3786,107,136
48,IRESITEID389,CTAGCCGTAGTGGCGAGCTCCCTGGGTGGTCTAAGTCCTGAGTACAGGACAGTCGTCAGTAGTTCGACGTGAGCACTAGCCCACCTCGAGATGCTACGTGGACGAGGGCATGCCCAAGACACACCTTAACCCTGGCGGGGGTCGCTAGGGTGAAATCACATTATGTGATGGGGGTACGACCTGATAGGGTGCTGCAGAGGCCCACTAGCAGGCTAGTATAAAAATCTCTGCTGTACATGGCACATGGAGTTGAATCATTTTGAATTATTATACAAAACAAGCAAACAAAAACCA,....((((.(((.(..((((((.(((((((((..((((((....))))))..(((((.(((((((((.(((.((....)).))).))))...)))))...)))))(((....))).)))).)))))..(((((((((.....)))))))))...((((((...))))))))))))....(((...)))((((.(((((((...(((((....))))).......))))))).))))..).))))))).(((......(((((.((....)).)))))......)))........,-101.4000015,4944,4967,112,144,4960,4766,114,143
49,IRESITEID610,TTCGTTTGCTTTTTGTAGTATAATTAAATATTTGTCAGATAAGAGATTGGTTAGAGATTTGTTCTTTGTTTGA,......((((......))))..............(((((((((.(((.((((...)))).))).))))))))),-7.599999905,1381,1088,13,34,1106,1177,15,32
50,IRESITEID606,TTCGTTTGCTTTTTGTAGTATAATTAAATATTTGTCAGATAAGAGATTGGTTAGAGATTTGTTCTTTGTTTGA,......((((......))))..............(((((((((.(((.((((...)))).))).))))))))),-7.599999905,1381,1088,13,34,1106,1177,15,32
51,IRESITEID609,GAATTCGTCGATTCGGTTGCAGCATTTAAAGCGGTTGACAACTTTAAAAGAAGGAAAAAGAAGGTTGAAGAAAAGGGTGTAGTAAGTAAGTATAAGTACAGACCGGAGAAGTACGCCGGTCCTGATTCGTTTAATTTGAAAGAAGAAA,(((((....)))))(((((((((..........)))).)))))..................(((((((((((..((.((((.(...........).))))((((((.(.....).))))))))..))).))))))))...........,-24,2697,2474,45,70,2331,2422,45,70
52,IRESITEID605,GAATTCGTCGATTCGGTTGCAGCATTTAAAGCGGTTGACAACTTTAAAAGAAGGAAAAAGAAGGTTGAAGAAAAGGGTGTAGTAAGTAAGTATAAGTACAGACCGGAGAAGTACGCCGGTCCTGATTCGTTTAATTTGAAAGAAGAAA,(((((....)))))(((((((((..........)))).)))))..................(((((((((((..((.((((.(...........).))))((((((.(.....).))))))))..))).))))))))...........,-24,2697,2474,45,70,2331,2422,45,70
53,IRESITEID28,CCGGAGCGAATAGGGGGCTTCGCCTCTGGCCCAGCCCTCCCGCTGATCCCCCAGCCAGCGGTCCGCAACCCTTGCCGCATCCACGAAACTTTGCCCATAGCAGCGGGCGGGCACTTTGCACTGGAACTTACAACACCCGAGCAAGGACGCGACTCTCCCGACGCGGGGAGGCTATTCTGCCCATTTGGGGACACTTCCCCGCCGCTGCCAGGACCCGCTTCTCTGAAAGGCTCTCCTTGCAGCTGCTTAGACGCTGGATTTTTTTCGGGTAGTGGAAAACCAGCAGCCTCCCGCGACC,..((((.(....(((((((..(((...)))..)))))))((((((..........))))))..(((...((((((((..((((((((..(((((((........)))))))...))))...))))............)).))))))..))).).))))...((((((.(((((.............(((((....)))))((.(((((.((((...((((.......))))..)))).))))).))......(((((.((((((.(.....).))))))))))))))))))))))...,-111.8000031,3900,4365,117,147,3900,4054,120,151
54,IRESITEID34,AATTCCAGCGAGAGGCAGAGGGAGCGAGCGGGCGGCCGGCTAGGGTGGAAGAGCCGGGCGAGCAGAGCTGCGCTGCGGGCGTCCTGGGAAGGGAGATCCGGAGCGAATAGGGGGCTTCGCCTCTGGCCCAGCCCTCCCGCTGATCCCCCAGCCAGCGGTCCGCAACCCTTGCCGCATCCACGAAACTTTGCCCATAGCAGCGGGCGGGCACTTTGCACTGGAACTTACAACACCCGAC,..((((((.((..((((.((((.....((((((.((.((((.(((.(((..(((.((((.(((...)))))(((.(((((.((((....)))).).)))).))).....(((((((..(((...)))..))))))))))))..)))))))))).)).))))))..))))))))...)).........((((((........))))))(((...))).))))))...............,-103.5999985,3667,4042,77,115,4859,4372,73,112
55,IRESITEID31,CCGAGCAAGGACGCGACTCTCCCGACGCGGGGAGGCTATTCTGCCCATTTGGGGACACTTCCCCGCCGCTGCCAGGACCCGCTTCTCTGAAAGGCTCTCCTTGCAGCTGCTTAGACGCTGGATTTTTTTCGGGTAGTGGAAAACCAGCAGCCTCCCGCGACC,((......)).((((.(......).))))((((((((.............(((((....)))))((.(((((.((((...((((.......))))..)))).))))).))......(((((.((((((.(.....).)))))))))))))))))))......,-60.90000153,3047,2845,52,74,2655,2599,48,75
56,IRESITEID30,ATCCACGAAACTTTGCCCATAGCAGCGGGCGGGCACTTTGCACTGGAACTTACAACACCCGAGCAAGGACGCGACTCTCCCGACGCGGGGAGGCTATTCTGCCCATTTGGGGACACTTCCCCGCCGCTGCCAGGACCCGCTTCTCTGAAAGGCTCTCCTTGCAGCTGCTTAGACGCTGGATTTTTTTCGGGTAGTGGAAAACCAGCAGCCTCCCGCGACC,.............(((.....)))(((((.((((.((((((..(((............))).)))))).........((((......))))(((......))).....(((((....)))))((.(((((.((((...((((.......))))..)))).))))).))......(((((.((((((.(.....).))))))))))).)))))))))....,-76.19999695,3595,3773,70,104,4711,4260,68,104
57,IRESITEID537,CAGTACTGTCACCTACTCATACACAAAACTGCCTCCCAAAGACTTTTCCCAGGTCCCTCGTATCAAAACATTAAGAGTATA,((((..(((.............)))..)))).........(((((.....))))).(((...............)))....,-5.400000095,1587,1370,18,36,1333,1516,20,38
58,IRESITEID535,GAGAGATACTCATCCTACCTGAATATAAACTGAGATAAATCCAGTAAAGAAAGTGTAGTAAATTCTACATAAGAGTCTATCATTGATTTCTTTTTGTGGTAAAAATCTTAGTTCATGTGAAGAAATTTCATGTGAATGTTTTAGCTATCAAACAGTACTGTCACCTACTCATGCACAAAACTGCCTCCCAAAGACTTTTCCCAGGTCCCTCGTATCAAAACATTAAGAGTATA,....(((((.......(((((.......((((.((....)))))).......((((((......))))))((((((((..............((((((((.(((((....(((((((((((.....)))))))))))))))).)))).))))((((..(((((........)).)))..))))........))))))))..))))).....))))).................,-43.70000076,5027,4229,73,108,3148,4105,73,110
59,IRESITEID536,TGATTTCTTTTTGTGGTAAAAATCTTAGTTCATGTGAAGAAATTTCATGTGAATGTTTTAGCTATCAAACAGTACTGTCACCTACTCATACACAAAACTGCCTCCCAAAGACTTTTCCCAGGTCCCTCGTATCAAAACATTAAGAGTATA,((((..((.((((((((.(((((....(((((((((((.....)))))))))))))))).)))).)))).))....))))..(((((......................(((((.....)))))....((......)).....)))))..,-23.10000038,2971,2491,44,70,2395,2108,44,69
60,IRESITEID529,CAGTACTGTCACCTACTCATACACAAAACTGCCTCCCAAAGACTTTTCCCAGGTCCCTCGTATCAAAACATTAAGAGTATA,((((..(((.............)))..)))).........(((((.....))))).(((...............)))....,-5.400000095,1587,1370,18,36,1333,1516,20,38
61,IRESITEID528,GAGAGATACTCATCCTACCTGAATATAAACTGAGATAAATCCAGTAAAGAAAGTGTAGTAAATTCTACATAAGAGTCTATCATTGATTTCTTTTTGTGGTAAAAATCTTAGTTCATGTGAAGAAATTTCATGTGAATGTTTTAGCTATCAAACAGTACTGTCACCTACTCATGCACAAAACTGCCTCCCAAAGACTTTTCCCAGGTCCCTCGTATCAAAACATTAAGAGTATA,....(((((.......(((((.......((((.((....)))))).......((((((......))))))((((((((..............((((((((.(((((....(((((((((((.....)))))))))))))))).)))).))))((((..(((((........)).)))..))))........))))))))..))))).....))))).................,-43.70000076,5027,4229,73,108,3148,4105,73,110
62,IRESITEID539,TGATTTCTTTTTGTGGTAAAAATCTTAGTTCATGTGAAGAAATTTCATGTGAATGTTTTAGCTATCAAACAGTACTATCACCTACTCATACACAAAACTGCCTCCCAAAGACTTTTCCCAGGTCCCTCGTATCAAAACATTAAGAGTATA,((((..((.((((((((.(((((....(((((((((((.....)))))))))))))))).)))).)))).))....))))..(((((......................(((((.....)))))....((......)).....)))))..,-22.79999924,2971,2491,44,71,2395,2108,44,69
63,IRESITEID530,TGATTTCTTTTTGTGGTAAAAATCTTAGTTCATGTGAAGAAATTTCATGTGAATGTTTTAGCTATCAAACAGTACTGTCACCTACTCATACACAAAACTGCCTCCCAAAGACTTTTCCCAGGTCCCTCGTATCAAAACATTAAGAGTATA,((((..((.((((((((.(((((....(((((((((((.....)))))))))))))))).)))).)))).))....))))..(((((......................(((((.....)))))....((......)).....)))))..,-23.10000038,2971,2491,44,70,2395,2108,44,69
64,IRESITEID522,TGATTTCTTTTTGTGGTAAAAATCTTAGTTCATGTGAAGAAATTTCATGTGAATGTTTTAGCTATCAAACAGTACTGTCACCTACTCATACACAAAACTGCCTCCCAAAGACTTTTCCCAGGTCCCTCGTATCAAAACATTAAGAGTATA,((((..((.((((((((.(((((....(((((((((((.....)))))))))))))))).)))).)))).))....))))..(((((......................(((((.....)))))....((......)).....)))))..,-23.10000038,2971,2491,44,70,2395,2108,44,69
65,IRESITEID552,CGGGCCCCTGCCGCCTGCAAGTCGAAATTGCGCTGTGCTCCTGTGCTACGGCCTGTGGCTGGACTGCCTGCTGCTGCCCAACTGGCTGGCAAG,(((((.((.(((((..((((.......))))(((((((......)).)))))..))))).))...))))).(((((((.....))).))))..,-35.20000076,1675,1728,28,40,1445,1532,25,41
66,IRESITEID558,CGGGCCCCTGCCGCCTGCAAGTCGAAATTGCGCTGTGCTCCTGTGCTACGGCCTGTGGCTGGACTGCCTGCTGCTGCCCAACTGGCTGGCAAG,(((((.((.(((((..((((.......))))(((((((......)).)))))..))))).))...))))).(((((((.....))).))))..,-35.20000076,1675,1728,28,40,1445,1532,25,41
67,IRESITEID412,AGGTCGACGCCGGCCAAGACAGCACAGACAGATTGACCTATTGGGGTGTTTCGCGAGTGTGAGAGGGAAGCGCCGCGGCCTGTATTTCTAGACCTGCCCTTCGCCTGGTTCGTGGCGCCTTGTGACCCCGGGCCCCTGCCGCCTGCAAGTCGGAAATTGCGCTGTGCTCCTGTGCTACGGCCTGTGGCTGGACTGCCTGCTGCTGCCCAACTGGCTGGCA,........((((((((...((((((((.(((.....((....))((((((((.(..........).))))))))((((.(((......))).)).)).....((((((...((.((.....)).)).)))))).((.(((((..((((........))))(((((((......)).)))))..))))).)).))).))).)))))......)))))))).,-82.19999695,3548,3061,68,104,3771,3062,68,102
68,IRESITEID401,AGGTCGACGCCGGCCAAGACAGCACAGACAGATTGACCTATTGGGGTGTTTCGCGAGTGTGAGAGGGAAGCGCCGCGGCCTGTATTTCTAGACCTGCCCTTCGCCTGGTTCGTGGCGCCTTGTGACCCCGGGCCCCTGCCGCCTGCAAGTCGGAAATTGCGCTGTGCTCCTGTGCTACGGCCTGTGGCTGGACTGCCTGCTGCTGCCCAACTGGCTGGCA,........((((((((...((((((((.(((.....((....))((((((((.(..........).))))))))((((.(((......))).)).)).....((((((...((.((.....)).)).)))))).((.(((((..((((........))))(((((((......)).)))))..))))).)).))).))).)))))......)))))))).,-82.19999695,3548,3061,68,104,3771,3062,68,102
69,IRESITEID402,AGGTCGACGCCGGCCAAGACAGCACAGACAGATTGACCTATTGGGGTGTTTCGCGAGTGTGAGAGGGAAGCGCCGCGGCCTGTATTTCTAGACCTGCCCTTCGCCTGGTTCGTGGCGCCTTGTGACCCCGGGCCCCTGCCGCCTGCAAGTCGGAAATTGCGCTGTGCTCCTGTGCTACGGCCTGTGGCTGGACTGCCTGCTGCTGCCCAACTGGCTGGCA,........((((((((...((((((((.(((.....((....))((((((((.(..........).))))))))((((.(((......))).)).)).....((((((...((.((.....)).)).)))))).((.(((((..((((........))))(((((((......)).)))))..))))).)).))).))).)))))......)))))))).,-82.19999695,3548,3061,68,104,3771,3062,68,102
70,IRESITEID593,AGGTCGACGCCGGCCAAGACAGCACAGACAGATTGACCTATTGGGGTGTTTCGCGAGTGTGAGAGGGAAGCGCCGCGGCCTGTATTTCTAGACCTGCCCTTCGCCTGGTTCGTGGCGCCTTGTGACCCCGGGCCCCTGCCGCCTGCAAGTCGGAAATTGCGCTGTGCTCCTGTGCTACGGCCTGTGGCTGGACTGCCTGCTGCTGCCCAACTGGCTGGCAAG,........((((((((...((((((((.(((.....((....))((((((((.(..........).))))))))((((.(((......))).)).)).....((((((...((.((.....)).)).)))))).((.(((((..((((........))))(((((((......)).)))))..))))).)).))).))).)))))......))))))))...,-82.19999695,3548,3061,70,106,3771,3062,68,102
71,IRESITEID338,CTGGGCGGTCAACAAGTGCGGGCCTGGCTCAGCGCGGGGGGGCGCGGAGACCGCGAGGCGACCGGGAGCGGCTGGGTTCCCGGCTGCGCGCCCTTCGGCCAGGCCGGGAGCCGCGCCAGTCGGAGCCCCCGGCCCAGCGTGGTCCGCCTCCCTCTGGGCGTCCACCTGCCCGGAGTACTGCCAGCGGGCATGACCGACCCACCAGGGGCGCCGCCGCCGGCGCTCGCAGGCCGC,.((((((((((...((.(((((((..(((..((.((((((((((((.((..(((...))).((((((((......)))))))))).))))))(((((((..((((((...))).))).)))))))))))))))..)))..)))))))))..(((((((((......)))))))))...((((....)))))))))).))))((.(((((((((....)))))))).).))....,-135.3000031,5151,3862,78,114,3606,4442,77,111
72,IRESITEID339,ATGAAGAAGAAAACCCGGCGCCGCTCGACCCGGAGCGAGGAGTTGACCCGGAGCGAGGAGTTGACCCTGAGTGAGGAAGCGACCTGGAGTGAAGAGGCGACCCAGAGTGAGGAGGCGACCCAGGGCGAAG,.............(((((((((.((((..((((..(((....)))..))))..))))..((((..(((.....)))...))))((((.((.........))))))........)))).))..))).....,-38.79999924,2474,2139,33,63,2028,2019,35,61
73,IRESITEID488,AAGGACAGTTTGGATAATTTTCCGTGAAACTGGATGATCTTTGAATATTAAATGAAAGGAGACTAGAATAACAGTCTCTTGACTATTCATGAAGGAGCTTTAGCAGGAGCATTCTTTCTTGGTGTGCAAATCACGCCTGGCAGCCCCTGCCCACAGTACCCGAAGATGGCAGGCCTTGTTCCCTTCACCTAAATTCATAAACCTGGGTGTAGTGGCTTCTGATGCTGATTTGTTTCTCTTTTCAGTAAGTGTGGACCTTTGTGTACCAGAGAGAACATCATGGTGG,.....(((((((((......)))...))))))((((.(((((.........(((((((((((((........)))))))).....)))))(((((((((((....)))))..))))))((((((((((((((((((..(((((..((((((................))))))..)))))((((.((((((............)))))).)).)).......((((((.............)))))).))))))...))))))))))))))))).)))).......,-74.40000153,4561,4831,110,141,4165,3088,111,140
74,IRESITEID417,TAGGCGCAAAGGCTTGGCTCATGGTTGACAGCTCAGAGAGAGAAAGATCTGAGGGA,(((((......))))).((((.((((.....(((.....)))...))))))))...,-12.80000019,908,910,13,25,904,783,14,25
75,IRESITEID426,AAGAAGAGGTAGCGAGTGGACGTGACTGCTCTATCCCGGGCAAAAGGGATAGAACCAGAGGTGGGGAGTCTGGGCAGTCGGCGACCCGCGAAGACTTGAGGTGCCGCAGCGGCATCCGG,......((((.....((((.(((((((((((((((((........)))))))).(((((.........))))))))))).)))..))))....))))..(((((((...)))))))...,-46.79999924,2545,1869,34,54,2239,1845,35,56
76,IRESITEID425,AAGAAGAGGTAGCGAGTGGACGTGACTGCTCTATCCCGGGCAAAAGGGATAGAACCAGAGGTGGGGAGTCTGGGCAGTCGGCGACCCGCGAAGACTTGAGGTGCCGCAGCGGCATCCGGAGTAGCGCCGGGCTCCCTCCGGGGTGCAGCCGCCGTCGGGGGAAGGGCGCCACAGGCCGGGAAGACCTCCTCCCTTTGTGTCCAGTAGTGGGGTCCACCGGAGGGCGGCCCGTGGGCCGGGCCTCACCGC,.......(((..((.((((((.(.(((((((((((((........))))))))((((((((.(((((((((.(((.((.((((.((((((...((((..(((((((...)))))))..))))..))).....((((.((((((((....)))).)))))))).)))))))))..))).)))....)))))))))))).))...))))).).))))))))((((.(((((....)))))..)))))))..,-124.3000031,5224,4288,82,121,3774,4131,83,120
77,IRESITEID419,TGCAGAGATCCAGGGGAGGCGCCTGTGAGGCCCGGACCTGCCCCGGGGCGAAGGGTATGTGGCGAGACAGAGCCCTGCACCCCTAATTCCCGGTGGAAAACTCCTGTTGCCGTTTCCCTCCACCGGCCTGGAGTCTCCCAGTCTTGTCCCGGCAGTGCCGCCCTCCCCACTAAGACCTAGGCGCAAAGGCTTGGCTCATGGTTGACAGCTCAGAGAGAGAAAGATCTGAGGGA,........(((.(((((((.((((...)))).(((..(((((..(((((((((((..((((((........)))..))).)))).....((((((((((((..(....)..))))...)))))))).((((......))))..))))))))))))..))).)))))))((((.((.((((((......)))))).)).))))......((((((..........))))))))),-89.80000305,3816,5282,76,110,3730,4296,76,107
78,IRESITEID418,CGGCCTGGAGTCTCCCAGTCTTGTCCCGGCAGTGCCGCCCTCCCCACTAAGACCTAGGCGCAAAGGCTTGGCTCATGGTTGACAGCTCAGAGAGAGAAAGATCTGAGGGA,.((.((((......)))).))..(((((((...)))((..((...((((.((.((((((......)))))).)).)))).))..))(((((..........))))))))),-30.70000076,2218,1932,29,52,1956,1717,31,51
79,IRESITEID613,AAAAGAAGGAAAAAGAAGGAAAAGAAGGAAAAAGAAGGCTGCAGGCGGCTGCAGAAAAGAAGGAAAAAGAAGGAAAAGAAGGAAAAAGAAGG,......................................((((((....))))))......................................,-9.699999809,1981,1326,20,47,1861,1178,20,46
80,IRESITEID614,GAAAGAAAGAAAGAAAGAAAGAAAGAAACTGCAGCCGCGCCTGCAGAAAGAAAGAAAGAAAGAAAGAAAGAAAGAAAGAA,............................((((((......))))))..................................,-8.199999809,1634,1518,11,39,1451,1080,11,39