,ID,Sequence,SS,MFE
0,IRESITEID472,AGAATTAGAATGTTTCTTAGCGGTCGTGTAGTTATTTTTATGTCATAAGTGGATAATTTGTTAGCTCCTATAACAAAAGTCTGTTGCTTGTGTTTCACATTTTGGATTTCCTAATATAATGTTCTCTTTTTAGAAAAGGTGGACAAGTCCTATTTTCAAGAGA,((((..((((((((..((((.((((..............(((((((((((((((..(((((((.......))))))).))))...)))))))....))))....))))..))))...))))))))..)))).(((((...(((....)))..)))))......,-25.899999618530273
1,IRESITEID475,GGACAGTTTGGATAATTTTCCGTGAAACTGGATGATCTTTGAATATTAAATGAAAGGAGACTAGAATAACAGTCTCTTGACTATTCATGAAGGAGCTTTAGCAGGAGCATTCTTTCTTGGTGTGCAAATCACGCCTGGCAGCCCCTGCCCACAGTACCCGAAGATGGCAGGCCTTGTTCCCTTCACCTAAATTCATAAACCTGGGTGTAGTGGCTTCTGATGCTGATTTGTTTCTCTTTTCAGTAAGTGTGGACCTTTGTGTACCAGAGAGAACATCATGGTGG,...(((((((((......)))...))))))((((.(((((.........(((((((((((((........)))))))).....)))))(((((((((((....)))))..))))))((((((((((((((((((..(((((..((((((................))))))..)))))((((.((((((............)))))).)).)).......((((((.............)))))).))))))...))))))))))))))))).)))).......,-74.4000015258789
2,IRESITEID592,CTTGCCAGCCAGTTGGGCAGCAGCAGGCAGTCCAGCCACAGGCCGTAGCACAGGAGCACAGCGCAATTTCCGACTTGCAGGCGGCAGGGGCCCGGGGTCACAAGGCGCCACGAACCAGGCGAAGGGCAGGTCTAGAAATACAGGCCGCGGCGCTTCCCTCTCACACTCGCGAAACACCCCAATAGGTCAATCTGTCTGTGCTGTCTTGGCCGGCGTCGACCT,...(((.((((...((((((((.(((((((....(((.(..(((((.(((..(((((.....))....)))....)))..)))))..))))..(((((......(((....((...(((.((((.((.(((((........)))))...)).))))))).)).....))).....)))))...........))))))))))))))))))).)))........,-84.0
3,IRESITEID335,CTGTGTTTGGCTCCACGCTCGATCCACTGGCGAGTGTTAGTAACAGCACTGTTGCTTCGTAGCGGAGCATGACGGCCGTGGGAACTCCTCCTTGTCCGCAAGGACCCACGGGGCCAAAAGCCACGCCCACACGGGCCCGTCATGTGTGCAACCCCAGCACGGCGACTTTACTGCGAAACCCACTTTAAAGTGACATTGAAACTGGTACCCACACC,..((((..((..(((...(((((.((((...(((((..(((((((....)))))))((((((.(((((((((((((((((((......((((((....)))))))))))))(((.....)))..((((....))))))))))))(((((.......)))))....)))).))))))....)))))...))))..)))))...)))..)).)))).,-78.9000015258789
4,IRESITEID336,CTGTGTTTGGCTCCACGCTCGATCCACTGGCGAGTGTTAGTAACAGCACTGTTGCTTCGTAGCGGAGCATGACGGCCGTGGGAACTCCTCCTTGGTAGCAAGGACCCACGGGGCCAAAAGCCACGCCCACACGGGCCCGTCATGTGTGCAACCCCAGCACGGCGACTTTACTGCGAAACCCACTTTAAAGTGACATTGAAACTGGTACCCACACC,..((((..((..(((...(((((.((((...(((((..(((((((....)))))))((((((.(((((((((((((((((((......((((((....)))))))))))))(((.....)))..((((....))))))))))))(((((.......)))))....)))).))))))....)))))...))))..)))))...)))..)).)))).,-80.0
5,IRESITEID333,CTGTGTTTGGCTCCACGCTCGATCCACTGGCGAGTGTTAGTAACAGCACTGTTGCTTCGTAGCGGAGCATGACGGCCGTGGGAACTCCTCCTTGGTAACAAGGACCCACGGGGCCAAAAGCCACGCCCACACGGGCCCGTCATGTGTGCAACCCCAGCACGGCGACTTTACTGCGAAACCCACTTTAAAGTGACATTGAAACTGGTACCCACACC,..((((..((..(((...(((((.((((...(((((..(((((((....)))))))((((((.(((((((((((((((((((......((((((....)))))))))))))(((.....)))..((((....))))))))))))(((((.......)))))....)))).))))))....)))))...))))..)))))...)))..)).)))).,-80.30000305175781
6,IRESITEID406,TGCCAGCCAGTTGGGCAGCAGCAGGCAGTCCAGCCACAGGCCGTAGCACAGGAGCACAGCGCAATTTCCGACTTGCAGGCGGCAGGGGCCCGGGGTCACAAGGCGCCACGAACCAGGCGAAGGGCAGGTCTAGAAATACAGGCCGCGGCGCTTCCCTCTCACACTCGCGAAACACCCCAATAGGTCAATCTGTCTGTGCTGTCTTGGCCGGCGTCGACC,.(((.((((...((((((((.(((((((....(((.(..(((((.(((..(((((.....))....)))....)))..)))))..))))..(((((......(((....((...(((.((((.((.(((((........)))))...)).))))))).)).....))).....)))))...........))))))))))))))))))).))).......,-84.0
7,IRESITEID405,TGCCAGCCAGTTGGGCAGCAGCAGGCAGTCCAGCCACAGGCCGTAGCACAGGAGCACAGCGCAATTTCCGACTTGCAGGCGGCAGGGGCCCGGGGTCACAAGGCGCCACGAACCAGGCGAAGGGCAGGTCTAGAAATACAGGCCGCGGCGCTTCCCTCTCACACTCGCGAAACACCCCAATAGGTCAATCTGTCTGTGCTGTCTTGGCCGGCGTCGACC,.(((.((((...((((((((.(((((((....(((.(..(((((.(((..(((((.....))....)))....)))..)))))..))))..(((((......(((....((...(((.((((.((.(((((........)))))...)).))))))).)).....))).....)))))...........))))))))))))))))))).))).......,-84.0
8,IRESITEID397,TGCCAGCCAGTTGGGCAGCAGCAGGCAGTCCAGCCACAGGCCGTAGCACAGGAGCACAGCGCAATTTCCGACTTGCAGGCGGCAGGGGCCCGGGGTCACAAGGCGCCACGAACCAGGCGAAGGGCAGGTCTAGAAATACAGGCCGCGGCGCTTCCCTCTCACACTCGCGAAACACCCCAATAGGTCAATCTGTCTGTGCTGTCTTGGCCGGCGTCGACC,.(((.((((...((((((((.(((((((....(((.(..(((((.(((..(((((.....))....)))....)))..)))))..))))..(((((......(((....((...(((.((((.((.(((((........)))))...)).))))))).)).....))).....)))))...........))))))))))))))))))).))).......,-84.0
9,IRESITEID396,TGCCAGCCAGTTGGGCAGCAGCAGGCAGTCCAGCCACAGGCCGTAGCACAGGAGCACAGCGCAATTTCCGACTTGCAGGCGGCAGGGGCCCGGGGTCACAAGGCGCCACGAACCAGGCGAAGGGCAGGTCTAGAAATACAGGCCGCGGCGCTTCCCTCTCACACTCGCGAAACACCCCAATAGGTCAATCTGTCTGTGCTGTCTTGGCCGGCGTCGACC,.(((.((((...((((((((.(((((((....(((.(..(((((.(((..(((((.....))....)))....)))..)))))..))))..(((((......(((....((...(((.((((.((.(((((........)))))...)).))))))).)).....))).....)))))...........))))))))))))))))))).))).......,-84.0
10,IRESITEID411,AGGTCGACGCCGGCCAAGACAGCACAGACAGATTGACCTATTGGGGTGTTTCGCGAGTGTGAGAGGGAAGCGCCGCGGCCTGTATTTCTAGACCTGCCCTTCGCCTGGTTCGTGGCGCCTTGTGACCCCGGGCCCCTGCCGCCTGCAAGTCGGAAATTGCGCTGTGCTCCTGTGCTACGGCCTGTGGCTGGACTGCCTGCTGCTGCCCAACTGGCTGGCA,........((((((((...((((((((.(((.....((....))((((((((.(..........).))))))))((((.(((......))).)).)).....((((((...((.((.....)).)).)))))).((.(((((..((((........))))(((((((......)).)))))..))))).)).))).))).)))))......)))))))).,-82.19999694824219
11,IRESITEID541,GGACAGTTTGGATAATTTTCCGTGAAACTGGATGATCTTTGAATATTAAATGAAAGGAGACTAGAATAACAGTCTCTTGACTATTCATGAAGGAGCTTTAGCAGGAGCATTCTTTCTTGGTGTGCAAATCACGCCTGGCAGCCCCTGCCCACAGTACCCGAAGATGGCAGGCCTTGTTCCCTTCACCTAAATTCATAAACCTGGGTGTAGTGGCTTCTGATGCTGATTTGTTTCTCTTTTCAGTAAGTGTGGACCTTTGTGTACCAGAGAGAACATCATGGTGG,...(((((((((......)))...))))))((((.(((((.........(((((((((((((........)))))))).....)))))(((((((((((....)))))..))))))((((((((((((((((((..(((((..((((((................))))))..)))))((((.((((((............)))))).)).)).......((((((.............)))))).))))))...))))))))))))))))).)))).......,-74.4000015258789
12,IRESITEID563,TATTAGTTTTATTCTGCCTGCTTAAATATTACTTTCCTCAAAAAGAGAAAACAAAAATGCTAGATTTTACTTTATGACTTGAATGATGTGGTAATGTCGAACTCTAGTATTTAGAATTAGAATGTTTCTTAGCGGTCGTGTAGTTATTTTTATGTCATAAGTGGATAATTTGTTAGCTCCTATAACAAAAGTCTGTTGCTTGTGTTTCACATTTTGGATTTCCTAATATAATGTTCTCTTTTTAGAAAAGGTGGACAAGTCCTATTTTCAA,.............(((((((((.(((((((...((((((.....))).......(((((((((((((.((.((((.((.........)).)))).)).))).)))))))))).)))....)))))))...)))))....))))........(((((((((((((((..(((((((.......))))))).))))...)))))))....))))...(((((...........(((((.(((((....))))).)))))))))).........,-49.0
13,IRESITEID553,ATTAGTTTTATTCTGCCTGCTTAAATATTACTTTCCTCAAAAAGAGAAAACAAAAATGCTAGATTTTACTTTATGACTTGAATGATGTGGTAATGTCGAACTCTAGTATTTAGAATTAGAATGTTTCTTAGCGGTCGTGTAGTTATTTTTATGTCATAAGTGGATAATTTGTTAGCTCCTATAACAAAAGTCTGTTGCTTGTGTTTCACATTTTGGATTTCCTAATATAATGTTCTCTTTTTAGAAAAGGTGGACAAGTCCTATTTTCAA,............(((((((((.(((((((...((((((.....))).......(((((((((((((.((.((((.((.........)).)))).)).))).)))))))))).)))....)))))))...)))))....))))........(((((((((((((((..(((((((.......))))))).))))...)))))))....))))...(((((...........(((((.(((((....))))).)))))))))).........,-49.0
14,IRESITEID366,TGAATGATGTGGTAATGTCGAACTCTAGTATTTAGAATTAGAATGTTTCTTAGCGGTCGTGTAGTTATTTTTATGTCATAAGTGGATAATTTGTTAGCTCCTATAACAAAAGTCTGTTGCTTGTGTTTCACATTTTGGATTTCCTAATATAATGTTCTCTTTTTAGAAAAGGTGGACAAGTCCTATTTTCAAGAGAAG,((((.((((.((...((((..((.((....(((((((..((((((((..((((.((((..............(((((((((((((((..(((((((.......))))))).))))...)))))))....))))....))))..))))...))))))))..)))))))..)))).))))...)))))))))).......,-33.400001525878906
15,IRESITEID486,ATTAGAATGTTTCTTAGCGGTCGTGTAGTTATTTTTATGTCATAAGTGGATAATTTGTTAGCTCCTATAACAAAAGTCTGTTGCTTGTGTTTCACATTTTGGATTTCCTAATATAATGTTCTCTTTTTAGAAAAGGTGGACAAGTCCTATTTTCAAGAGAAG,..((((((((..((..((....))..))............(((((((((((..(((((((.......))))))).))))...)))))))....)))))))).................(((((((....(((((...(((....)))..)))))))))))).,-26.399999618530273
16,IRESITEID479,GAATTCGGAGGAGGAGGAGGAGGAGGGAATTC,((((((....................)))))),-2.9000000953674316
17,IRESITEID478,GAATTCCCTCCTCCTCCTCCTCCTCCGAATTC,((((((....................)))))),-1.600000023841858
18,IRESITEID561,TTTATAATTTCTTCTTCCAGAA,......................,0.0
19,IRESITEID569,TTTATAATTTCTTCTTCCAGAA,......................,0.0
20,IRESITEID554,ATGTCTTATGCTGAAAAATCTTGTTTCCTAATTAGTAACATAATTATTCATTTGATGGGTAAATATTTTAGGGCCGATTCTTTGGTTTTATAGCCAAGATACCCTGTTGATAAAGTCTTGTGGGAGCAATTATAAGACTGGCTTATTTTGAAGCTTTTTAAAAAAGACATCCTTACCTGTTTTAACTGTAGATTATATTAACTTAAATAGGTACAGCCCACGCTTG,(((((((....((((.(((..((((..((....)).))))..))).)))).((((((((((.......(((((((((....))))))))).........))))).)))))...((((((((((......))))))))))(((((......)))))........)))))))...(((((((((.....(((.....)))......))))))))).(((....)))..,-46.79999923706055
21,IRESITEID560,TATTTTAGGGCCGATTCTTTGGTTTTATAGCCAAGATACCCTGTTGATAAAGTCTTGTGGGAGCAATTATAAGACTGGCTTATTTTGAAGCTTTTTAAAAAAGACATCCTTACCTGTTTTAACTGTAGATTATATTAACTTAAATAGGTACAGCCCACGCTTG,.......((((......(((((((....)))))))...............((((((((((......))))))))))(((((......)))))..................(((((((((.....(((.....)))......)))))))))..)))).......,-35.0
22,IRESITEID269,CTGGGGGAGGCGGCTGCAGCCGTGGCTCTGCAGCGAGAGCGCAGAGAAGCAGAGGACCAAGAGGCAGAATGCCGGCGCTCCACCGCCCGAGACTGTGTTTCCTGTGAGTCCAGATGTGTGATCCAGATATGCTGCAATGGTGACATAAACTATTGACTGAGACTAGGAGCGTGCCTGAAACTCCATCCCTCCTCCTATTATTTTTTTAATGGTGCTTCTACTGGAATAATCAACGAAGTGCACCCAACATG,..((((((((.(((....)))((..((((((.((....))))))))..)).(((((.....((((.........(((((((..(((..(((((...)))))..)))(((((((((((.((...)).))))....(((((((.......))))))).))).)))).))))))))))).....))).))))))))))...............(((((........((....))........))))).......,-77.80000305175781
23,IRESITEID76,TGTTGAAGGTGCCAAGAAGTTTCCTAATACTGAATTTGTCAAAGTAAAAGGTCTTCATTTTTCGCAAGAAGATGCACCTGATGAAATGGGAAAATATATCAAATCGTTCGTTGAGCGAGTTCTCAAAAATGAACAATAATTCTAGAGCTTATCGATACCGTCGACCTCGAATCACTAGTCAGCTGGAATTCCTGTAGCCATCCGAGGACACCCCCGCCCCCCCGGCCCACCCGG,......((((((...((((...(((..((((...........))))..))).))))..(((((....))))).))))))........(((.............((((((...))))))((((((....(((.(((..((((((((.(((....(((....(((....))))))...)))...))))))))..)))...)))..))))))...)))......((((.....)))),-48.5
24,IRESITEID75,TGTTGAAGGTGCCAAGAAGTTTCCTAATACTGAATTTGTCAAAGTAAAAGGTCTTCATTTTTCGCAAGAAGATGCACCT,......((((((...((((...(((..((((...........))))..))).))))..(((((....))))).)))))),-17.0
25,IRESITEID74,TGTTGAAGGTGCCAAGAAGTTTCCTAATACTGAATTTGTCAAAGTAAAAGGTCTTCATTTTTCGCAAGAAGATGCACCTGATGAAATGGGAAAATATATCAAATCGTTCGTTGAGCGAGTTCTCAAAAATGAACAATAATTCTAGAGCTTATCGATACCGTCGA,((((((((((((...((((...(((..((((...........))))..))).))))..(((((....))))).))))))..(((.(((......))).)))..((((((...))))))((((........)))).................)))))).......,-30.200000762939453
26,IRESITEID80,TGTTGAAGGTGCCAAGAAGTTTCCTAATACTGAATTTGTCAAAGTAAAAGGTCTTCATTTTTCGCAAGAAGATGCACCTGATGAAATGGGAAAATATATCAAATCGTTCGTTGAGCGAGTTCTCAAAAATGAACAATAATTCTAGAGCTTATCGATACCGTCGACCTCGAATCACTAGTCAGCTGGAATTCGTCTGGACGCGCTGGGTGGATGCGGGGGGCTCCTGGGAACTGTGTTGGAG,...........((((.((((((((...((((...........))))..((((...(((((((.....))))))).))))..(((.(((......))).)))..((((((...))))))((((........))))..........(((((..(((((...)))))(((((.(((.(((((..((((((.....))))).)..)))))...))).))))))))))..))))))).).))))..,-57.0
27,IRESITEID78,TGTTGAAGGTGCCAAGAAGTTTCCTAATACTGAATTTGTCAAAGTAAAAGGTCTTCATTTTTCGCAAGAAGATGCACCTGATGAAAT,......((((((...((((...(((..((((...........))))..))).))))..(((((....))))).))))))........,-17.799999237060547
28,IRESITEID79,TGTTGAAGGTGCCAAGAAGTTTCCTAATACTGAATTTGTCAAAGTAAAAGGTCTTCATTTTTCGCAAGAAGATGCACCTGATGAAATGGGAAAATATATCAAATCGTTCGTTGAGCGAGTTCTCAAAAATGAACAATAATTCTAGAGCTTATCGAT,......((((((...((((...(((..((((...........))))..))).))))..(((((....))))).))))))(((((..(((((............((((((...))))))((((........)))).....)))))....)))))...,-29.899999618530273
29,IRESITEID50,CGCCCGTAAAATGGGAACGTAGAACTCGTCATGACACTTGTGGTAAAATAACATTATTCGCTTGCAAAAAACGATGTACTTTGACAATTTAAGACACAAAAAAACACAACCTCGACAATTTAGGAGTTAGAGAGGTCGTGTTTTGAGATTAGTGAG,..(((((...))))).........(((((((..(((.((((.............................)))))))....))))...............(((((((.(((((...((((....))))...))))).)))))))))).........,-25.100000381469727
30,IRESITEID52,GACACAAAAAAACACAACCTCGACGACACAAAAAAACACAACCTCGACAATTTAGGAGTTAGAGAGGTCGTGTTTTGAGATTAGTGAGGAGGTCGTGTTTTGAGATTAGTGAG,..(((...(((((((.(((((..((.......(((((((.(((((...((((....))))...))))).)))))))........))..))))).))))))).......)))..,-31.0
31,IRESITEID489,AGCCAAACTCTCAATTATCATAGAGGGAGAAACCAAAGTATTCCACGACAAAACCAAATTCACGCATTATCTCTCCACGAATCCAGCCCTTCAAAGGATAATAACAGAAAAAAACCAATACAAGAACGGGAACAACGCCCTAGAAAAAACAAGAAGGTAATCCCTCAACAAACCTAAAAGAAGACAGCCACAAGAACAGA,......................((((((...(((........................(((....((((((.((....(((........)))..))))))))....)))..................(((.......)))...............)))..))))))..................................,-19.0
32,IRESITEID500,CGCATTATCTCTCCACGAATCCAGCCCTTCAAAGGATAATAACAGAAAAAAAC,...((((((.((....(((........)))..)))))))).............,-2.9000000953674316
33,IRESITEID495,GTAATCCCTCAACAAACCTAAAAGAAGACAGCCACAAGAACAGA,............................................,0.0
34,IRESITEID498,TACACCAGATTTTTCACCAGAGACTATGAAAGCCAGAAGAGCCTGGACAGATGTTATACAGACACTAAGAGAACACAAACTGCAGCCCAGGCTACTATACC,.....((....((((....))))...)).........(((((((((.(((.(((....................)))..)))....))))))).)).....,-12.800000190734863
35,IRESITEID494,AATAACAGAAAAAAACCAATACAAGAACGGGAACAACGCCCTAGAAAAAACAAGAAGGTAATCCCTCAACAAACCTAAAAGAAGACAGCCACAAGAACAGACCATGGAAGA,...............(((..........(((.......)))............((.((....)).)).....................................)))....,-5.5
36,IRESITEID480,GAATTCCTTCTTCTTCTTCTTCTTCCCTTCTTCTTCTTCTTCTTCCGAATTCGAAGAAGAAGAAGAAGAAGGGAAGAAGAAGAAGAAGAAGGGAATTC,(((((((((((((((((((((((((((((((((((((((((((((.......)))))))))))))))))))))))))))))))))))))).))))))),-73.69999694824219
37,IRESITEID477,GAATTCCCTCCTCCTCCTCCTCCTCCCCTCCTCCTCCTCCTCCTCCGAATTCGGAGGAGGAGGAGGAGGAGGGGAGGAGGAGGAGGAGGAGGGAATTC,(((((((((((((((((((((((((((((((((((((((((((((((....))))))))))))))))))))))))))))))))))))))))))))))),-112.80000305175781
38,IRESITEID482,GAATTCCCTCCTCCTCCTCCTCCTCCCCTCCTCCTCCTCCTCCTCCGAATTCGGAGGAGGAGGAGGAGGAGGGGAGGAGGAGGAGGAGGAGGGAATTC,(((((((((((((((((((((((((((((((((((((((((((((((....))))))))))))))))))))))))))))))))))))))))))))))),-112.80000305175781
39,IRESITEID476,GAATTCCCTCCTCCTCCTCCTCCTCCGAATTCGGAGGAGGAGGAGGAGGAGGGAATTC,(((((((((((((((((((((((((((....))))))))))))))))))))))))))),-59.400001525878906
40,IRESITEID481,GAATTCCCTCCTCCTCCTCCTCCTCCGAATTCGGAGGAGGAGGAGGAGGAGGGAATTC,(((((((((((((((((((((((((((....))))))))))))))))))))))))))),-59.400001525878906
41,IRESITEID468,AGTGCACAGAGCCTCCTCGGCTGAGGGGACGCGAGGACTGTCCTCGCCGCCGTCGCGGGCAGTGTCTAGCCAGGCCTTGACAAGCTAGCCGGAGGAGCGCCTAGGAACCCGAGCCGGAGCTCAGCGAGCGCAGCCTGCAGCTCCCGCCTCGCCGTCCCGGGGGGCGTCCCGCCTCCCACCCCGCCTCTGGACTTGTCTCTTTCTCCGCGCGCGCGGACAGAGCCGGCGTTTAGGCCCGAGCGAGCCCGGGGGCCGCCGGCCGGGAAGACAACGCGGGCACCGATTCGCCATGGA,.((.(..((.(((((((((((((...((..(((((((...)))))))..))((((.((((..((......)).))))))))....))))).)))))).))))..).))..((((....)))).(((((((..((((((.(((((((....((((....((((((((...)))))))).....((((((((.(((((((((...(((((....))))).))))..(((......)))...))))).))))))))...)))))))).)).)...))))))..)).)))))......,-127.9000015258789
42,IRESITEID466,AGTGCACAGAGCCTCCTCGGCTGAGGGGACGCGAGGACTGTCCTCGCCGCCGTCGCGGGCAGTGTCTAGCCAGGCCTTGACAAGCTAGCCGGAGGAGCGCCTAGGAACCCGAGCCGGAGCTCAGCGAGCGCAGCCTGCAGCTCCCGCCTCGCCGTCCCGGGGGGCGTCCCGCCTCCCACCCCGCCTCTGGACTTGTCTCTTTCTCCGCGCGCGCGGACAGAGCCGGCGTTTAGGCCCGAGCGAGCCCGGGGGCCGCCGGCCGGGAAGACAACGCGGGCACCGATTCGCCATGGA,.((.(..((.(((((((((((((...((..(((((((...)))))))..))((((.((((..((......)).))))))))....))))).)))))).))))..).))..((((....)))).(((((((..((((((.(((((((....((((....((((((((...)))))))).....((((((((.(((((((((...(((((....))))).))))..(((......)))...))))).))))))))...)))))))).)).)...))))))..)).)))))......,-127.9000015258789
43,IRESITEID443,ATAATTTTTTATTGCATACCCGTTTTTAATAAAATACATTGCATACCCTCTTTTAATAAAAAATATTGCATACTTTGACGAAACAAATTTTCGTTGCATACCCAATAAAAGATTATTATATTGCATACCCGTTTTTAATAAAATACATTGCATACCCTCTTTTAATAAAAAATATTGCATACGTTGACGAAACAAATTTTCGTTGCATACCCAATAAAAGATTATTATATTGCATACCTTTTCTTGCCATACCATTTAGCATGAG,((((((((((((((.......(((((....)))))....((((.......................))))......(((((((.....)))))))..........(((((((.........((((.....(((((....)))))....)))).....)))))))...........((((.......((((((.....))))))))))....))))))))))))))................((.(((...........))).)).,-30.600000381469727
44,IRESITEID445,TTTTCTTGCCATACCATTTAGCCGATCAATTGTGCTCGGCAACAGTATATTTGTGGTGTGCCAACCAACAACCAATGAG,.....(((.((((((((...(((((.((....)).)))))............)))))))).)))...............,-17.299999237060547
45,IRESITEID444,TTAATAAAATACATTGCATACCCTCTTTTAATAAAAAATATTGCATACGTTGACGAAACAAATTTTCGTTGCATACCCAATAAAAGATTATTATATTGCATACCTTTTCTTGCCATACCATTTAGCCGATCAATTGTGCTCGGCAACAGTATATTTGTGGTGTGCCAACCAACAACCAATGAG,...............(((((((......((((((....(((((..((.((.(((((((.....))))))))).))..))))).....))))))(((.(((..........))).))).......(((((.((....)).))))).((((.....)))))))))))..................,-29.399999618530273
46,IRESITEID580,CTCTAAGGTGTTTCTGGAAATTGACAACCGCCAGTGTGTTCAAGATTCAGACCAGTGTTTCAAGAACACGGATGCAGCAGCAGCTCTTCTGGCCTCTCACGCCATCCAGGGGACCTTGTCCTACCCTCTTGTGTCCGTCGTCAGTGAATCTCTGACTCGAAAAGGTACTCAGCTTCTCTATCTACTTGCTGTTGCCGTTGTCATTATCCTGTTTATTATCTTGCTGGGAGTTA,((((((((((...(.(((...(((((((.......((((((..((..((......))..))..))))))(((((((((....)))....((((.......)))).....(((((...)))))........))))))...(((((.......))))).......((((..((((..............)))).)))))))))))...))).).....))))))....))))...,-59.599998474121094
47,IRESITEID390,CGAGCTCCCTGGGTGGTCTAAGTCCTGAGTACAGGACAGTCGTCAGTAGTTCGACGTGAGCACTAGCCCACCTCGAGATGCTACGTGGACGAGGGCATGCCCAAGACACACCTTAACCCTGGCGGGGGTCGCTAGGGTGAAATCACATTATGTGATGGGGGTACGACCTGATAGGGTGCTGCAGAGGCCCACTAGCAGGCTAGTATAAAAATCTCTGCTGTACATGGCACATGGAGTTGAATCATTTTGAATTATTATACAAAACAAGCAAACAAAAACCA,((.((((((.(((((((((..((((((....))))))..(((((.(((((((((.(((.((....)).))).))))...)))))...)))))(((....))).)))).)))))..(((((((((.....)))))))))...((((((...)))))))))))).)).(((...)))((((.(((((((...(((((....))))).......))))))).))))............(((......(((((.((....)).)))))......)))........,-94.69999694824219
48,IRESITEID389,CTAGCCGTAGTGGCGAGCTCCCTGGGTGGTCTAAGTCCTGAGTACAGGACAGTCGTCAGTAGTTCGACGTGAGCACTAGCCCACCTCGAGATGCTACGTGGACGAGGGCATGCCCAAGACACACCTTAACCCTGGCGGGGGTCGCTAGGGTGAAATCACATTATGTGATGGGGGTACGACCTGATAGGGTGCTGCAGAGGCCCACTAGCAGGCTAGTATAAAAATCTCTGCTGTACATGGCACATGGAGTTGAATCATTTTGAATTATTATACAAAACAAGCAAACAAAAACCA,....((((.(((.(..((((((.(((((((((..((((((....))))))..(((((.(((((((((.(((.((....)).))).))))...)))))...)))))(((....))).)))).)))))..(((((((((.....)))))))))...((((((...))))))))))))....(((...)))((((.(((((((...(((((....))))).......))))))).))))..).))))))).(((......(((((.((....)).)))))......)))........,-101.4000015258789
49,IRESITEID610,TTCGTTTGCTTTTTGTAGTATAATTAAATATTTGTCAGATAAGAGATTGGTTAGAGATTTGTTCTTTGTTTGA,......((((......))))..............(((((((((.(((.((((...)))).))).))))))))),-7.599999904632568
50,IRESITEID606,TTCGTTTGCTTTTTGTAGTATAATTAAATATTTGTCAGATAAGAGATTGGTTAGAGATTTGTTCTTTGTTTGA,......((((......))))..............(((((((((.(((.((((...)))).))).))))))))),-7.599999904632568
51,IRESITEID609,GAATTCGTCGATTCGGTTGCAGCATTTAAAGCGGTTGACAACTTTAAAAGAAGGAAAAAGAAGGTTGAAGAAAAGGGTGTAGTAAGTAAGTATAAGTACAGACCGGAGAAGTACGCCGGTCCTGATTCGTTTAATTTGAAAGAAGAAA,(((((....)))))(((((((((..........)))).)))))..................(((((((((((..((.((((.(...........).))))((((((.(.....).))))))))..))).))))))))...........,-24.0
52,IRESITEID605,GAATTCGTCGATTCGGTTGCAGCATTTAAAGCGGTTGACAACTTTAAAAGAAGGAAAAAGAAGGTTGAAGAAAAGGGTGTAGTAAGTAAGTATAAGTACAGACCGGAGAAGTACGCCGGTCCTGATTCGTTTAATTTGAAAGAAGAAA,(((((....)))))(((((((((..........)))).)))))..................(((((((((((..((.((((.(...........).))))((((((.(.....).))))))))..))).))))))))...........,-24.0
53,IRESITEID28,CCGGAGCGAATAGGGGGCTTCGCCTCTGGCCCAGCCCTCCCGCTGATCCCCCAGCCAGCGGTCCGCAACCCTTGCCGCATCCACGAAACTTTGCCCATAGCAGCGGGCGGGCACTTTGCACTGGAACTTACAACACCCGAGCAAGGACGCGACTCTCCCGACGCGGGGAGGCTATTCTGCCCATTTGGGGACACTTCCCCGCCGCTGCCAGGACCCGCTTCTCTGAAAGGCTCTCCTTGCAGCTGCTTAGACGCTGGATTTTTTTCGGGTAGTGGAAAACCAGCAGCCTCCCGCGACC,..((((.(....(((((((..(((...)))..)))))))((((((..........))))))..(((...((((((((..((((((((..(((((((........)))))))...))))...))))............)).))))))..))).).))))...((((((.(((((.............(((((....)))))((.(((((.((((...((((.......))))..)))).))))).))......(((((.((((((.(.....).))))))))))))))))))))))...,-111.80000305175781
54,IRESITEID34,AATTCCAGCGAGAGGCAGAGGGAGCGAGCGGGCGGCCGGCTAGGGTGGAAGAGCCGGGCGAGCAGAGCTGCGCTGCGGGCGTCCTGGGAAGGGAGATCCGGAGCGAATAGGGGGCTTCGCCTCTGGCCCAGCCCTCCCGCTGATCCCCCAGCCAGCGGTCCGCAACCCTTGCCGCATCCACGAAACTTTGCCCATAGCAGCGGGCGGGCACTTTGCACTGGAACTTACAACACCCGAC,..((((((.((..((((.((((.....((((((.((.((((.(((.(((..(((.((((.(((...)))))(((.(((((.((((....)))).).)))).))).....(((((((..(((...)))..))))))))))))..)))))))))).)).))))))..))))))))...)).........((((((........))))))(((...))).))))))...............,-103.5999984741211
55,IRESITEID31,CCGAGCAAGGACGCGACTCTCCCGACGCGGGGAGGCTATTCTGCCCATTTGGGGACACTTCCCCGCCGCTGCCAGGACCCGCTTCTCTGAAAGGCTCTCCTTGCAGCTGCTTAGACGCTGGATTTTTTTCGGGTAGTGGAAAACCAGCAGCCTCCCGCGACC,((......)).((((.(......).))))((((((((.............(((((....)))))((.(((((.((((...((((.......))))..)))).))))).))......(((((.((((((.(.....).)))))))))))))))))))......,-60.900001525878906
56,IRESITEID30,ATCCACGAAACTTTGCCCATAGCAGCGGGCGGGCACTTTGCACTGGAACTTACAACACCCGAGCAAGGACGCGACTCTCCCGACGCGGGGAGGCTATTCTGCCCATTTGGGGACACTTCCCCGCCGCTGCCAGGACCCGCTTCTCTGAAAGGCTCTCCTTGCAGCTGCTTAGACGCTGGATTTTTTTCGGGTAGTGGAAAACCAGCAGCCTCCCGCGACC,.............(((.....)))(((((.((((.((((((..(((............))).)))))).........((((......))))(((......))).....(((((....)))))((.(((((.((((...((((.......))))..)))).))))).))......(((((.((((((.(.....).))))))))))).)))))))))....,-76.19999694824219
57,IRESITEID537,CAGTACTGTCACCTACTCATACACAAAACTGCCTCCCAAAGACTTTTCCCAGGTCCCTCGTATCAAAACATTAAGAGTATA,((((..(((.............)))..)))).........(((((.....))))).(((...............)))....,-5.400000095367432
58,IRESITEID535,GAGAGATACTCATCCTACCTGAATATAAACTGAGATAAATCCAGTAAAGAAAGTGTAGTAAATTCTACATAAGAGTCTATCATTGATTTCTTTTTGTGGTAAAAATCTTAGTTCATGTGAAGAAATTTCATGTGAATGTTTTAGCTATCAAACAGTACTGTCACCTACTCATGCACAAAACTGCCTCCCAAAGACTTTTCCCAGGTCCCTCGTATCAAAACATTAAGAGTATA,....(((((.......(((((.......((((.((....)))))).......((((((......))))))((((((((..............((((((((.(((((....(((((((((((.....)))))))))))))))).)))).))))((((..(((((........)).)))..))))........))))))))..))))).....))))).................,-43.70000076293945
59,IRESITEID536,TGATTTCTTTTTGTGGTAAAAATCTTAGTTCATGTGAAGAAATTTCATGTGAATGTTTTAGCTATCAAACAGTACTGTCACCTACTCATACACAAAACTGCCTCCCAAAGACTTTTCCCAGGTCCCTCGTATCAAAACATTAAGAGTATA,((((..((.((((((((.(((((....(((((((((((.....)))))))))))))))).)))).)))).))....))))..(((((......................(((((.....)))))....((......)).....)))))..,-23.100000381469727
60,IRESITEID529,CAGTACTGTCACCTACTCATACACAAAACTGCCTCCCAAAGACTTTTCCCAGGTCCCTCGTATCAAAACATTAAGAGTATA,((((..(((.............)))..)))).........(((((.....))))).(((...............)))....,-5.400000095367432
61,IRESITEID528,GAGAGATACTCATCCTACCTGAATATAAACTGAGATAAATCCAGTAAAGAAAGTGTAGTAAATTCTACATAAGAGTCTATCATTGATTTCTTTTTGTGGTAAAAATCTTAGTTCATGTGAAGAAATTTCATGTGAATGTTTTAGCTATCAAACAGTACTGTCACCTACTCATGCACAAAACTGCCTCCCAAAGACTTTTCCCAGGTCCCTCGTATCAAAACATTAAGAGTATA,....(((((.......(((((.......((((.((....)))))).......((((((......))))))((((((((..............((((((((.(((((....(((((((((((.....)))))))))))))))).)))).))))((((..(((((........)).)))..))))........))))))))..))))).....))))).................,-43.70000076293945
62,IRESITEID539,TGATTTCTTTTTGTGGTAAAAATCTTAGTTCATGTGAAGAAATTTCATGTGAATGTTTTAGCTATCAAACAGTACTATCACCTACTCATACACAAAACTGCCTCCCAAAGACTTTTCCCAGGTCCCTCGTATCAAAACATTAAGAGTATA,((((..((.((((((((.(((((....(((((((((((.....)))))))))))))))).)))).)))).))....))))..(((((......................(((((.....)))))....((......)).....)))))..,-22.799999237060547
63,IRESITEID530,TGATTTCTTTTTGTGGTAAAAATCTTAGTTCATGTGAAGAAATTTCATGTGAATGTTTTAGCTATCAAACAGTACTGTCACCTACTCATACACAAAACTGCCTCCCAAAGACTTTTCCCAGGTCCCTCGTATCAAAACATTAAGAGTATA,((((..((.((((((((.(((((....(((((((((((.....)))))))))))))))).)))).)))).))....))))..(((((......................(((((.....)))))....((......)).....)))))..,-23.100000381469727
64,IRESITEID522,TGATTTCTTTTTGTGGTAAAAATCTTAGTTCATGTGAAGAAATTTCATGTGAATGTTTTAGCTATCAAACAGTACTGTCACCTACTCATACACAAAACTGCCTCCCAAAGACTTTTCCCAGGTCCCTCGTATCAAAACATTAAGAGTATA,((((..((.((((((((.(((((....(((((((((((.....)))))))))))))))).)))).)))).))....))))..(((((......................(((((.....)))))....((......)).....)))))..,-23.100000381469727
65,IRESITEID552,CGGGCCCCTGCCGCCTGCAAGTCGAAATTGCGCTGTGCTCCTGTGCTACGGCCTGTGGCTGGACTGCCTGCTGCTGCCCAACTGGCTGGCAAG,(((((.((.(((((..((((.......))))(((((((......)).)))))..))))).))...))))).(((((((.....))).))))..,-35.20000076293945
66,IRESITEID558,CGGGCCCCTGCCGCCTGCAAGTCGAAATTGCGCTGTGCTCCTGTGCTACGGCCTGTGGCTGGACTGCCTGCTGCTGCCCAACTGGCTGGCAAG,(((((.((.(((((..((((.......))))(((((((......)).)))))..))))).))...))))).(((((((.....))).))))..,-35.20000076293945
67,IRESITEID412,AGGTCGACGCCGGCCAAGACAGCACAGACAGATTGACCTATTGGGGTGTTTCGCGAGTGTGAGAGGGAAGCGCCGCGGCCTGTATTTCTAGACCTGCCCTTCGCCTGGTTCGTGGCGCCTTGTGACCCCGGGCCCCTGCCGCCTGCAAGTCGGAAATTGCGCTGTGCTCCTGTGCTACGGCCTGTGGCTGGACTGCCTGCTGCTGCCCAACTGGCTGGCA,........((((((((...((((((((.(((.....((....))((((((((.(..........).))))))))((((.(((......))).)).)).....((((((...((.((.....)).)).)))))).((.(((((..((((........))))(((((((......)).)))))..))))).)).))).))).)))))......)))))))).,-82.19999694824219
68,IRESITEID401,AGGTCGACGCCGGCCAAGACAGCACAGACAGATTGACCTATTGGGGTGTTTCGCGAGTGTGAGAGGGAAGCGCCGCGGCCTGTATTTCTAGACCTGCCCTTCGCCTGGTTCGTGGCGCCTTGTGACCCCGGGCCCCTGCCGCCTGCAAGTCGGAAATTGCGCTGTGCTCCTGTGCTACGGCCTGTGGCTGGACTGCCTGCTGCTGCCCAACTGGCTGGCA,........((((((((...((((((((.(((.....((....))((((((((.(..........).))))))))((((.(((......))).)).)).....((((((...((.((.....)).)).)))))).((.(((((..((((........))))(((((((......)).)))))..))))).)).))).))).)))))......)))))))).,-82.19999694824219
69,IRESITEID402,AGGTCGACGCCGGCCAAGACAGCACAGACAGATTGACCTATTGGGGTGTTTCGCGAGTGTGAGAGGGAAGCGCCGCGGCCTGTATTTCTAGACCTGCCCTTCGCCTGGTTCGTGGCGCCTTGTGACCCCGGGCCCCTGCCGCCTGCAAGTCGGAAATTGCGCTGTGCTCCTGTGCTACGGCCTGTGGCTGGACTGCCTGCTGCTGCCCAACTGGCTGGCA,........((((((((...((((((((.(((.....((....))((((((((.(..........).))))))))((((.(((......))).)).)).....((((((...((.((.....)).)).)))))).((.(((((..((((........))))(((((((......)).)))))..))))).)).))).))).)))))......)))))))).,-82.19999694824219
70,IRESITEID593,AGGTCGACGCCGGCCAAGACAGCACAGACAGATTGACCTATTGGGGTGTTTCGCGAGTGTGAGAGGGAAGCGCCGCGGCCTGTATTTCTAGACCTGCCCTTCGCCTGGTTCGTGGCGCCTTGTGACCCCGGGCCCCTGCCGCCTGCAAGTCGGAAATTGCGCTGTGCTCCTGTGCTACGGCCTGTGGCTGGACTGCCTGCTGCTGCCCAACTGGCTGGCAAG,........((((((((...((((((((.(((.....((....))((((((((.(..........).))))))))((((.(((......))).)).)).....((((((...((.((.....)).)).)))))).((.(((((..((((........))))(((((((......)).)))))..))))).)).))).))).)))))......))))))))...,-82.19999694824219
71,IRESITEID338,CTGGGCGGTCAACAAGTGCGGGCCTGGCTCAGCGCGGGGGGGCGCGGAGACCGCGAGGCGACCGGGAGCGGCTGGGTTCCCGGCTGCGCGCCCTTCGGCCAGGCCGGGAGCCGCGCCAGTCGGAGCCCCCGGCCCAGCGTGGTCCGCCTCCCTCTGGGCGTCCACCTGCCCGGAGTACTGCCAGCGGGCATGACCGACCCACCAGGGGCGCCGCCGCCGGCGCTCGCAGGCCGC,.((((((((((...((.(((((((..(((..((.((((((((((((.((..(((...))).((((((((......)))))))))).))))))(((((((..((((((...))).))).)))))))))))))))..)))..)))))))))..(((((((((......)))))))))...((((....)))))))))).))))((.(((((((((....)))))))).).))....,-135.3000030517578
72,IRESITEID339,ATGAAGAAGAAAACCCGGCGCCGCTCGACCCGGAGCGAGGAGTTGACCCGGAGCGAGGAGTTGACCCTGAGTGAGGAAGCGACCTGGAGTGAAGAGGCGACCCAGAGTGAGGAGGCGACCCAGGGCGAAG,.............(((((((((.((((..((((..(((....)))..))))..))))..((((..(((.....)))...))))((((.((.........))))))........)))).))..))).....,-38.79999923706055
73,IRESITEID488,AAGGACAGTTTGGATAATTTTCCGTGAAACTGGATGATCTTTGAATATTAAATGAAAGGAGACTAGAATAACAGTCTCTTGACTATTCATGAAGGAGCTTTAGCAGGAGCATTCTTTCTTGGTGTGCAAATCACGCCTGGCAGCCCCTGCCCACAGTACCCGAAGATGGCAGGCCTTGTTCCCTTCACCTAAATTCATAAACCTGGGTGTAGTGGCTTCTGATGCTGATTTGTTTCTCTTTTCAGTAAGTGTGGACCTTTGTGTACCAGAGAGAACATCATGGTGG,.....(((((((((......)))...))))))((((.(((((.........(((((((((((((........)))))))).....)))))(((((((((((....)))))..))))))((((((((((((((((((..(((((..((((((................))))))..)))))((((.((((((............)))))).)).)).......((((((.............)))))).))))))...))))))))))))))))).)))).......,-74.4000015258789
74,IRESITEID417,TAGGCGCAAAGGCTTGGCTCATGGTTGACAGCTCAGAGAGAGAAAGATCTGAGGGA,(((((......))))).((((.((((.....(((.....)))...))))))))...,-12.800000190734863
75,IRESITEID426,AAGAAGAGGTAGCGAGTGGACGTGACTGCTCTATCCCGGGCAAAAGGGATAGAACCAGAGGTGGGGAGTCTGGGCAGTCGGCGACCCGCGAAGACTTGAGGTGCCGCAGCGGCATCCGG,......((((.....((((.(((((((((((((((((........)))))))).(((((.........))))))))))).)))..))))....))))..(((((((...)))))))...,-46.79999923706055
76,IRESITEID425,AAGAAGAGGTAGCGAGTGGACGTGACTGCTCTATCCCGGGCAAAAGGGATAGAACCAGAGGTGGGGAGTCTGGGCAGTCGGCGACCCGCGAAGACTTGAGGTGCCGCAGCGGCATCCGGAGTAGCGCCGGGCTCCCTCCGGGGTGCAGCCGCCGTCGGGGGAAGGGCGCCACAGGCCGGGAAGACCTCCTCCCTTTGTGTCCAGTAGTGGGGTCCACCGGAGGGCGGCCCGTGGGCCGGGCCTCACCGC,.......(((..((.((((((.(.(((((((((((((........))))))))((((((((.(((((((((.(((.((.((((.((((((...((((..(((((((...)))))))..))))..))).....((((.((((((((....)))).)))))))).)))))))))..))).)))....)))))))))))).))...))))).).))))))))((((.(((((....)))))..)))))))..,-124.30000305175781
77,IRESITEID419,TGCAGAGATCCAGGGGAGGCGCCTGTGAGGCCCGGACCTGCCCCGGGGCGAAGGGTATGTGGCGAGACAGAGCCCTGCACCCCTAATTCCCGGTGGAAAACTCCTGTTGCCGTTTCCCTCCACCGGCCTGGAGTCTCCCAGTCTTGTCCCGGCAGTGCCGCCCTCCCCACTAAGACCTAGGCGCAAAGGCTTGGCTCATGGTTGACAGCTCAGAGAGAGAAAGATCTGAGGGA,........(((.(((((((.((((...)))).(((..(((((..(((((((((((..((((((........)))..))).)))).....((((((((((((..(....)..))))...)))))))).((((......))))..))))))))))))..))).)))))))((((.((.((((((......)))))).)).))))......((((((..........))))))))),-89.80000305175781
78,IRESITEID418,CGGCCTGGAGTCTCCCAGTCTTGTCCCGGCAGTGCCGCCCTCCCCACTAAGACCTAGGCGCAAAGGCTTGGCTCATGGTTGACAGCTCAGAGAGAGAAAGATCTGAGGGA,.((.((((......)))).))..(((((((...)))((..((...((((.((.((((((......)))))).)).)))).))..))(((((..........))))))))),-30.700000762939453
79,IRESITEID613,AAAAGAAGGAAAAAGAAGGAAAAGAAGGAAAAAGAAGGCTGCAGGCGGCTGCAGAAAAGAAGGAAAAAGAAGGAAAAGAAGGAAAAAGAAGG,......................................((((((....))))))......................................,-9.699999809265137
80,IRESITEID614,GAAAGAAAGAAAGAAAGAAAGAAAGAAACTGCAGCCGCGCCTGCAGAAAGAAAGAAAGAAAGAAAGAAAGAAAGAAAGAA,............................((((((......))))))..................................,-8.199999809265137
